{
    "confidence_score": 0.9655668139457703,
    "ptm": 0.9870762228965759,
    "iptm": 0.9800664186477661,
    "ligand_iptm": 0.9800664186477661,
    "protein_iptm": 0.0,
    "complex_plddt": 0.9619418978691101,
    "complex_iplddt": 0.9310537576675415,
    "complex_pde": 0.305168092250824,
    "complex_ipde": 0.40313276648521423,
    "chains_ptm": {
        "0": 0.988621175289154,
        "1": 0.9768324494361877,
        "2": 0.9116105437278748
    },
    "pair_chains_iptm": {
        "0": {
            "0": 0.988621175289154,
            "1": 0.9210209846496582,
            "2": 0.494105726480484
        },
        "1": {
            "0": 0.9922098517417908,
            "1": 0.9768324494361877,
            "2": 0.6115026473999023
        },
        "2": {
            "0": 0.9580700397491455,
            "1": 0.910869836807251,
            "2": 0.9116105437278748
        }
    }
}