{
    "confidence_score": 0.960873544216156,
    "ptm": 0.9801201820373535,
    "iptm": 0.9727228879928589,
    "ligand_iptm": 0.9727228879928589,
    "protein_iptm": 0.0,
    "complex_plddt": 0.9579111337661743,
    "complex_iplddt": 0.9191323518753052,
    "complex_pde": 0.33310848474502563,
    "complex_ipde": 0.47114986181259155,
    "chains_ptm": {
        "0": 0.9821603298187256,
        "1": 0.9668483138084412,
        "2": 0.9357247948646545
    },
    "pair_chains_iptm": {
        "0": {
            "0": 0.9821603298187256,
            "1": 0.883642852306366,
            "2": 0.6344014406204224
        },
        "1": {
            "0": 0.9899340271949768,
            "1": 0.9668483138084412,
            "2": 0.7406941652297974
        },
        "2": {
            "0": 0.9514803290367126,
            "1": 0.8761763572692871,
            "2": 0.9357247948646545
        }
    }
}