{
    "affinity_pred_value": -0.26303666830062866,
    "affinity_probability_binary": 0.8758913278579712,
    "affinity_pred_value1": -0.8948004245758057,
    "affinity_probability_binary1": 0.922557532787323,
    "affinity_pred_value2": 0.36872708797454834,
    "affinity_probability_binary2": 0.8292251229286194
}