{
    "confidence_score": 0.9671124815940857,
    "ptm": 0.9866315126419067,
    "iptm": 0.9860934615135193,
    "ligand_iptm": 0.9860934615135193,
    "protein_iptm": 0.0,
    "complex_plddt": 0.9623672366142273,
    "complex_iplddt": 0.9391854405403137,
    "complex_pde": 0.3006163239479065,
    "complex_ipde": 0.3720757067203522,
    "chains_ptm": {
        "0": 0.9869410991668701,
        "1": 0.9772279858589172,
        "2": 0.9585010409355164
    },
    "pair_chains_iptm": {
        "0": {
            "0": 0.9869410991668701,
            "1": 0.9195326566696167,
            "2": 0.7726901769638062
        },
        "1": {
            "0": 0.9919126629829407,
            "1": 0.9772279858589172,
            "2": 0.8333843946456909
        },
        "2": {
            "0": 0.9792149066925049,
            "1": 0.937218427658081,
            "2": 0.9585010409355164
        }
    }
}