{
    "confidence_score": 0.9727059602737427,
    "ptm": 0.9852069020271301,
    "iptm": 0.9820332527160645,
    "ligand_iptm": 0.9820332527160645,
    "protein_iptm": 0.0,
    "complex_plddt": 0.9703741073608398,
    "complex_iplddt": 0.9518869519233704,
    "complex_pde": 0.3125692903995514,
    "complex_ipde": 0.4073593020439148,
    "chains_ptm": {
        "0": 0.9859896302223206,
        "1": 0.9716832041740417,
        "2": 0.9505633115768433
    },
    "pair_chains_iptm": {
        "0": {
            "0": 0.9859896302223206,
            "1": 0.898045003414154,
            "2": 0.6884635090827942
        },
        "1": {
            "0": 0.9896793961524963,
            "1": 0.9716832041740417,
            "2": 0.7515832185745239
        },
        "2": {
            "0": 0.9742960929870605,
            "1": 0.9158635139465332,
            "2": 0.9505633115768433
        }
    }
}