{
    "affinity_pred_value": -1.106884241104126,
    "affinity_probability_binary": 0.9065879583358765,
    "affinity_pred_value1": -1.7356492280960083,
    "affinity_probability_binary1": 0.9692033529281616,
    "affinity_pred_value2": -0.4781193733215332,
    "affinity_probability_binary2": 0.8439725041389465
}