{
    "confidence_score": 0.972669780254364,
    "ptm": 0.9884698390960693,
    "iptm": 0.9849516749382019,
    "ligand_iptm": 0.9849516749382019,
    "protein_iptm": 0.0,
    "complex_plddt": 0.9695993661880493,
    "complex_iplddt": 0.949602484703064,
    "complex_pde": 0.30514833331108093,
    "complex_ipde": 0.3932228088378906,
    "chains_ptm": {
        "0": 0.9893711805343628,
        "1": 0.9782497882843018,
        "2": 0.9543411135673523
    },
    "pair_chains_iptm": {
        "0": {
            "0": 0.9893711805343628,
            "1": 0.9235310554504395,
            "2": 0.6733198165893555
        },
        "1": {
            "0": 0.9918782711029053,
            "1": 0.9782497882843018,
            "2": 0.7624803781509399
        },
        "2": {
            "0": 0.975884735584259,
            "1": 0.9252821207046509,
            "2": 0.9543411135673523
        }
    }
}