{
    "confidence_score": 0.9714275598526001,
    "ptm": 0.9846872091293335,
    "iptm": 0.9847085475921631,
    "ligand_iptm": 0.9847085475921631,
    "protein_iptm": 0.0,
    "complex_plddt": 0.9681072235107422,
    "complex_iplddt": 0.9488422870635986,
    "complex_pde": 0.31670114398002625,
    "complex_ipde": 0.4056020975112915,
    "chains_ptm": {
        "0": 0.9848070740699768,
        "1": 0.9722469449043274,
        "2": 0.9635804891586304
    },
    "pair_chains_iptm": {
        "0": {
            "0": 0.9848070740699768,
            "1": 0.8949719071388245,
            "2": 0.780905544757843
        },
        "1": {
            "0": 0.9908424019813538,
            "1": 0.9722469449043274,
            "2": 0.8362489342689514
        },
        "2": {
            "0": 0.9764845371246338,
            "1": 0.9290489554405212,
            "2": 0.9635804891586304
        }
    }
}