{
    "affinity_pred_value": 0.5126432180404663,
    "affinity_probability_binary": 0.7226671576499939,
    "affinity_pred_value1": -0.33708950877189636,
    "affinity_probability_binary1": 0.8411245346069336,
    "affinity_pred_value2": 1.3623759746551514,
    "affinity_probability_binary2": 0.6042097806930542
}