{
    "confidence_score": 0.9587799310684204,
    "ptm": 0.9858977794647217,
    "iptm": 0.983444094657898,
    "ligand_iptm": 0.983444094657898,
    "protein_iptm": 0.0,
    "complex_plddt": 0.952613890171051,
    "complex_iplddt": 0.9055923819541931,
    "complex_pde": 0.30452877283096313,
    "complex_ipde": 0.38754481077194214,
    "chains_ptm": {
        "0": 0.9866516590118408,
        "1": 0.971018373966217,
        "2": 0.9340851306915283
    },
    "pair_chains_iptm": {
        "0": {
            "0": 0.9866516590118408,
            "1": 0.9044013619422913,
            "2": 0.76247239112854
        },
        "1": {
            "0": 0.9911254048347473,
            "1": 0.971018373966217,
            "2": 0.8345828652381897
        },
        "2": {
            "0": 0.9751144647598267,
            "1": 0.9233242869377136,
            "2": 0.9340851306915283
        }
    }
}