{
    "affinity_pred_value": 0.007029533386230469,
    "affinity_probability_binary": 0.6889145374298096,
    "affinity_pred_value1": -0.17777471244335175,
    "affinity_probability_binary1": 0.7042572498321533,
    "affinity_pred_value2": 0.19183377921581268,
    "affinity_probability_binary2": 0.6735718250274658
}