{
    "confidence_score": 0.9552764296531677,
    "ptm": 0.984377920627594,
    "iptm": 0.9797157645225525,
    "ligand_iptm": 0.9797157645225525,
    "protein_iptm": 0.0,
    "complex_plddt": 0.9491665363311768,
    "complex_iplddt": 0.8920069336891174,
    "complex_pde": 0.32615745067596436,
    "complex_ipde": 0.4560734033584595,
    "chains_ptm": {
        "0": 0.9856657385826111,
        "1": 0.9720681309700012,
        "2": 0.9610692262649536
    },
    "pair_chains_iptm": {
        "0": {
            "0": 0.9856657385826111,
            "1": 0.9059426784515381,
            "2": 0.7546471953392029
        },
        "1": {
            "0": 0.9907634854316711,
            "1": 0.9720681309700012,
            "2": 0.7972641587257385
        },
        "2": {
            "0": 0.9664470553398132,
            "1": 0.9034609198570251,
            "2": 0.9610692262649536
        }
    }
}