{
    "confidence_score": 0.9736596345901489,
    "ptm": 0.981644868850708,
    "iptm": 0.9823821187019348,
    "ligand_iptm": 0.9823821187019348,
    "protein_iptm": 0.0,
    "complex_plddt": 0.9714789390563965,
    "complex_iplddt": 0.9606342911720276,
    "complex_pde": 0.3250958323478699,
    "complex_ipde": 0.4244592785835266,
    "chains_ptm": {
        "0": 0.9815770387649536,
        "1": 0.9665684700012207,
        "2": 0.9341588020324707
    },
    "pair_chains_iptm": {
        "0": {
            "0": 0.9815770387649536,
            "1": 0.8820292949676514,
            "2": 0.6340203881263733
        },
        "1": {
            "0": 0.9897370934486389,
            "1": 0.9665684700012207,
            "2": 0.7362195253372192
        },
        "2": {
            "0": 0.9707220792770386,
            "1": 0.9156925082206726,
            "2": 0.9341588020324707
        }
    }
}