{
    "confidence_score": 0.9712263941764832,
    "ptm": 0.9823853969573975,
    "iptm": 0.9760854840278625,
    "ligand_iptm": 0.9760854840278625,
    "protein_iptm": 0.0,
    "complex_plddt": 0.9700115919113159,
    "complex_iplddt": 0.9479044079780579,
    "complex_pde": 0.3321412205696106,
    "complex_ipde": 0.48934459686279297,
    "chains_ptm": {
        "0": 0.9837757349014282,
        "1": 0.967736005783081,
        "2": 0.9378665685653687
    },
    "pair_chains_iptm": {
        "0": {
            "0": 0.9837757349014282,
            "1": 0.8865004777908325,
            "2": 0.616658091545105
        },
        "1": {
            "0": 0.9903810024261475,
            "1": 0.967736005783081,
            "2": 0.6850590109825134
        },
        "2": {
            "0": 0.9519026875495911,
            "1": 0.8919979333877563,
            "2": 0.9378665685653687
        }
    }
}