{
    "confidence_score": 0.9772858023643494,
    "ptm": 0.9858694076538086,
    "iptm": 0.9884863495826721,
    "ligand_iptm": 0.9884863495826721,
    "protein_iptm": 0.0,
    "complex_plddt": 0.9744855761528015,
    "complex_iplddt": 0.9677107334136963,
    "complex_pde": 0.3054819107055664,
    "complex_ipde": 0.363454669713974,
    "chains_ptm": {
        "0": 0.9853050112724304,
        "1": 0.9722874760627747,
        "2": 0.9840962886810303
    },
    "pair_chains_iptm": {
        "0": {
            "0": 0.9853050112724304,
            "1": 0.9043141603469849,
            "2": 0.8891509771347046
        },
        "1": {
            "0": 0.991234302520752,
            "1": 0.9722874760627747,
            "2": 0.9299778938293457
        },
        "2": {
            "0": 0.9869656562805176,
            "1": 0.9452465772628784,
            "2": 0.9840962886810303
        }
    }
}