{
    "confidence_score": 0.9624782800674438,
    "ptm": 0.9839184284210205,
    "iptm": 0.973084568977356,
    "ligand_iptm": 0.973084568977356,
    "protein_iptm": 0.0,
    "complex_plddt": 0.9598267078399658,
    "complex_iplddt": 0.9232578277587891,
    "complex_pde": 0.33794400095939636,
    "complex_ipde": 0.5096059441566467,
    "chains_ptm": {
        "0": 0.9866803288459778,
        "1": 0.9729219079017639,
        "2": 0.9285017848014832
    },
    "pair_chains_iptm": {
        "0": {
            "0": 0.9866803288459778,
            "1": 0.9041433334350586,
            "2": 0.6964685916900635
        },
        "1": {
            "0": 0.9906961917877197,
            "1": 0.9729219079017639,
            "2": 0.757500946521759
        },
        "2": {
            "0": 0.9496854543685913,
            "1": 0.8860915899276733,
            "2": 0.9285017848014832
        }
    }
}