{
    "confidence_score": 0.9689298868179321,
    "ptm": 0.9863555431365967,
    "iptm": 0.9767979383468628,
    "ligand_iptm": 0.9767979383468628,
    "protein_iptm": 0.0,
    "complex_plddt": 0.9669628143310547,
    "complex_iplddt": 0.9406206011772156,
    "complex_pde": 0.32848048210144043,
    "complex_ipde": 0.476548969745636,
    "chains_ptm": {
        "0": 0.9884728789329529,
        "1": 0.9740824103355408,
        "2": 0.9209321737289429
    },
    "pair_chains_iptm": {
        "0": {
            "0": 0.9884728789329529,
            "1": 0.9101340174674988,
            "2": 0.607816755771637
        },
        "1": {
            "0": 0.9912654757499695,
            "1": 0.9740824103355408,
            "2": 0.7110300064086914
        },
        "2": {
            "0": 0.9496700167655945,
            "1": 0.9056401252746582,
            "2": 0.9209321737289429
        }
    }
}