{
    "affinity_pred_value": 1.7236075401306152,
    "affinity_probability_binary": 0.4908421039581299,
    "affinity_pred_value1": 1.6641916036605835,
    "affinity_probability_binary1": 0.5098801851272583,
    "affinity_pred_value2": 1.783023476600647,
    "affinity_probability_binary2": 0.47180405259132385
}