{
    "confidence_score": 0.970584511756897,
    "ptm": 0.9849722385406494,
    "iptm": 0.9768097400665283,
    "ligand_iptm": 0.9768097400665283,
    "protein_iptm": 0.0,
    "complex_plddt": 0.9690282344818115,
    "complex_iplddt": 0.9416916966438293,
    "complex_pde": 0.32220202684402466,
    "complex_ipde": 0.46693751215934753,
    "chains_ptm": {
        "0": 0.9868062734603882,
        "1": 0.9717597365379333,
        "2": 0.8661365509033203
    },
    "pair_chains_iptm": {
        "0": {
            "0": 0.9868062734603882,
            "1": 0.8973896503448486,
            "2": 0.4047427177429199
        },
        "1": {
            "0": 0.9903363585472107,
            "1": 0.9717597365379333,
            "2": 0.5116932988166809
        },
        "2": {
            "0": 0.9527208209037781,
            "1": 0.895780622959137,
            "2": 0.8661365509033203
        }
    }
}