{
    "affinity_pred_value": -0.8826038837432861,
    "affinity_probability_binary": 0.7185472846031189,
    "affinity_pred_value1": -0.9303573369979858,
    "affinity_probability_binary1": 0.7772724032402039,
    "affinity_pred_value2": -0.8348503708839417,
    "affinity_probability_binary2": 0.6598221659660339
}