{
    "confidence_score": 0.9742249846458435,
    "ptm": 0.9848445653915405,
    "iptm": 0.9761088490486145,
    "ligand_iptm": 0.9761088490486145,
    "protein_iptm": 0.0,
    "complex_plddt": 0.9737539291381836,
    "complex_iplddt": 0.9571481347084045,
    "complex_pde": 0.32370662689208984,
    "complex_ipde": 0.45441934466362,
    "chains_ptm": {
        "0": 0.9868834018707275,
        "1": 0.9773924350738525,
        "2": 0.9219334721565247
    },
    "pair_chains_iptm": {
        "0": {
            "0": 0.9868834018707275,
            "1": 0.9214733242988586,
            "2": 0.6722461581230164
        },
        "1": {
            "0": 0.9925663471221924,
            "1": 0.9773924350738525,
            "2": 0.7448923587799072
        },
        "2": {
            "0": 0.9484111666679382,
            "1": 0.8972750306129456,
            "2": 0.9219334721565247
        }
    }
}