{
    "confidence_score": 0.976421058177948,
    "ptm": 0.9858525991439819,
    "iptm": 0.9863001704216003,
    "ligand_iptm": 0.9863001704216003,
    "protein_iptm": 0.0,
    "complex_plddt": 0.9739513397216797,
    "complex_iplddt": 0.9630541801452637,
    "complex_pde": 0.30962640047073364,
    "complex_ipde": 0.37936314940452576,
    "chains_ptm": {
        "0": 0.9858730435371399,
        "1": 0.9732005000114441,
        "2": 0.9401358962059021
    },
    "pair_chains_iptm": {
        "0": {
            "0": 0.9858730435371399,
            "1": 0.9052759408950806,
            "2": 0.7581902742385864
        },
        "1": {
            "0": 0.9913532137870789,
            "1": 0.9732005000114441,
            "2": 0.8472457528114319
        },
        "2": {
            "0": 0.9798905849456787,
            "1": 0.9331144690513611,
            "2": 0.9401358962059021
        }
    }
}