{
    "affinity_pred_value": -0.5272305607795715,
    "affinity_probability_binary": 0.7390011548995972,
    "affinity_pred_value1": -0.9804025888442993,
    "affinity_probability_binary1": 0.8541836738586426,
    "affinity_pred_value2": -0.07405851781368256,
    "affinity_probability_binary2": 0.623818576335907
}