{
    "confidence_score": 0.9589512944221497,
    "ptm": 0.9837182760238647,
    "iptm": 0.9742423892021179,
    "ligand_iptm": 0.9742423892021179,
    "protein_iptm": 0.0,
    "complex_plddt": 0.9551284909248352,
    "complex_iplddt": 0.9047220349311829,
    "complex_pde": 0.33878976106643677,
    "complex_ipde": 0.4998374283313751,
    "chains_ptm": {
        "0": 0.9860473871231079,
        "1": 0.973151445388794,
        "2": 0.9053031802177429
    },
    "pair_chains_iptm": {
        "0": {
            "0": 0.9860473871231079,
            "1": 0.9065810441970825,
            "2": 0.5758686661720276
        },
        "1": {
            "0": 0.9916071891784668,
            "1": 0.973151445388794,
            "2": 0.6573668718338013
        },
        "2": {
            "0": 0.9459511637687683,
            "1": 0.8934500813484192,
            "2": 0.9053031802177429
        }
    }
}