{
    "confidence_score": 0.974139392375946,
    "ptm": 0.9836713075637817,
    "iptm": 0.9814466238021851,
    "ligand_iptm": 0.9814466238021851,
    "protein_iptm": 0.0,
    "complex_plddt": 0.9723125696182251,
    "complex_iplddt": 0.9622551202774048,
    "complex_pde": 0.3276097774505615,
    "complex_ipde": 0.44049903750419617,
    "chains_ptm": {
        "0": 0.98447585105896,
        "1": 0.9721676707267761,
        "2": 0.959648072719574
    },
    "pair_chains_iptm": {
        "0": {
            "0": 0.98447585105896,
            "1": 0.9030449986457825,
            "2": 0.7301413416862488
        },
        "1": {
            "0": 0.9911863207817078,
            "1": 0.9721676707267761,
            "2": 0.8238525986671448
        },
        "2": {
            "0": 0.9675662517547607,
            "1": 0.924194872379303,
            "2": 0.959648072719574
        }
    }
}