{
    "confidence_score": 0.9727882742881775,
    "ptm": 0.9837964773178101,
    "iptm": 0.9817557334899902,
    "ligand_iptm": 0.9817557334899902,
    "protein_iptm": 0.0,
    "complex_plddt": 0.9705463647842407,
    "complex_iplddt": 0.9528491497039795,
    "complex_pde": 0.3218773603439331,
    "complex_ipde": 0.42552366852760315,
    "chains_ptm": {
        "0": 0.9844631552696228,
        "1": 0.9693050980567932,
        "2": 0.9692609310150146
    },
    "pair_chains_iptm": {
        "0": {
            "0": 0.9844631552696228,
            "1": 0.8932554721832275,
            "2": 0.7564604878425598
        },
        "1": {
            "0": 0.9906273484230042,
            "1": 0.9693050980567932,
            "2": 0.8217328786849976
        },
        "2": {
            "0": 0.9713892936706543,
            "1": 0.9106521010398865,
            "2": 0.9692609310150146
        }
    }
}