{
    "confidence_score": 0.9644145369529724,
    "ptm": 0.9863850474357605,
    "iptm": 0.9783990979194641,
    "ligand_iptm": 0.9783990979194641,
    "protein_iptm": 0.0,
    "complex_plddt": 0.9609183073043823,
    "complex_iplddt": 0.9291699528694153,
    "complex_pde": 0.3154209554195404,
    "complex_ipde": 0.4252360761165619,
    "chains_ptm": {
        "0": 0.988186776638031,
        "1": 0.9718286991119385,
        "2": 0.8549602627754211
    },
    "pair_chains_iptm": {
        "0": {
            "0": 0.988186776638031,
            "1": 0.9107975959777832,
            "2": 0.486351877450943
        },
        "1": {
            "0": 0.990976870059967,
            "1": 0.9718286991119385,
            "2": 0.6030452251434326
        },
        "2": {
            "0": 0.9555377960205078,
            "1": 0.8984490633010864,
            "2": 0.8549602627754211
        }
    }
}