{
    "affinity_pred_value": 1.6375353336334229,
    "affinity_probability_binary": 0.7195102572441101,
    "affinity_pred_value1": 1.1724439859390259,
    "affinity_probability_binary1": 0.8016444444656372,
    "affinity_pred_value2": 2.1026268005371094,
    "affinity_probability_binary2": 0.637376070022583
}