{
    "confidence_score": 0.9729107022285461,
    "ptm": 0.9841497540473938,
    "iptm": 0.9786205291748047,
    "ligand_iptm": 0.9786205291748047,
    "protein_iptm": 0.0,
    "complex_plddt": 0.9714832305908203,
    "complex_iplddt": 0.9515119194984436,
    "complex_pde": 0.32690393924713135,
    "complex_ipde": 0.4609333276748657,
    "chains_ptm": {
        "0": 0.985385537147522,
        "1": 0.9760356545448303,
        "2": 0.9115942716598511
    },
    "pair_chains_iptm": {
        "0": {
            "0": 0.985385537147522,
            "1": 0.9088977575302124,
            "2": 0.5580641627311707
        },
        "1": {
            "0": 0.9922155737876892,
            "1": 0.9760356545448303,
            "2": 0.6951043009757996
        },
        "2": {
            "0": 0.9467292428016663,
            "1": 0.9021316170692444,
            "2": 0.9115942716598511
        }
    }
}