{
    "confidence_score": 0.935562252998352,
    "ptm": 0.9779894948005676,
    "iptm": 0.9506469964981079,
    "ligand_iptm": 0.9506469964981079,
    "protein_iptm": 0.0,
    "complex_plddt": 0.9317910075187683,
    "complex_iplddt": 0.8436549305915833,
    "complex_pde": 0.4012353718280792,
    "complex_ipde": 0.7036991119384766,
    "chains_ptm": {
        "0": 0.986002504825592,
        "1": 0.9717726707458496,
        "2": 0.8174793124198914
    },
    "pair_chains_iptm": {
        "0": {
            "0": 0.986002504825592,
            "1": 0.8981336951255798,
            "2": 0.461344450712204
        },
        "1": {
            "0": 0.9917463660240173,
            "1": 0.9717726707458496,
            "2": 0.606252133846283
        },
        "2": {
            "0": 0.9053931832313538,
            "1": 0.8414701223373413,
            "2": 0.8174793124198914
        }
    }
}