{
    "confidence_score": 0.9732887148857117,
    "ptm": 0.9864771366119385,
    "iptm": 0.9832279086112976,
    "ligand_iptm": 0.9832279086112976,
    "protein_iptm": 0.0,
    "complex_plddt": 0.9708039164543152,
    "complex_iplddt": 0.9509232044219971,
    "complex_pde": 0.30449217557907104,
    "complex_ipde": 0.39121440052986145,
    "chains_ptm": {
        "0": 0.9875138401985168,
        "1": 0.9743114113807678,
        "2": 0.9603894352912903
    },
    "pair_chains_iptm": {
        "0": {
            "0": 0.9875138401985168,
            "1": 0.9101800322532654,
            "2": 0.7555570602416992
        },
        "1": {
            "0": 0.990715503692627,
            "1": 0.9743114113807678,
            "2": 0.8254982829093933
        },
        "2": {
            "0": 0.9737600684165955,
            "1": 0.921947181224823,
            "2": 0.9603894352912903
        }
    }
}