{
    "confidence_score": 0.9755470156669617,
    "ptm": 0.9866106510162354,
    "iptm": 0.9860729575157166,
    "ligand_iptm": 0.9860729575157166,
    "protein_iptm": 0.0,
    "complex_plddt": 0.9729155898094177,
    "complex_iplddt": 0.9609737396240234,
    "complex_pde": 0.302685022354126,
    "complex_ipde": 0.38104820251464844,
    "chains_ptm": {
        "0": 0.9869060516357422,
        "1": 0.9710302948951721,
        "2": 0.9466885328292847
    },
    "pair_chains_iptm": {
        "0": {
            "0": 0.9869060516357422,
            "1": 0.9004993438720703,
            "2": 0.7909002900123596
        },
        "1": {
            "0": 0.9902312755584717,
            "1": 0.9710302948951721,
            "2": 0.8467200398445129
        },
        "2": {
            "0": 0.9809691309928894,
            "1": 0.933813750743866,
            "2": 0.9466885328292847
        }
    }
}