{
    "confidence_score": 0.9751006364822388,
    "ptm": 0.983367383480072,
    "iptm": 0.9775424599647522,
    "ligand_iptm": 0.9775424599647522,
    "protein_iptm": 0.0,
    "complex_plddt": 0.9744901061058044,
    "complex_iplddt": 0.959779679775238,
    "complex_pde": 0.33166375756263733,
    "complex_ipde": 0.4566042125225067,
    "chains_ptm": {
        "0": 0.9847683310508728,
        "1": 0.9696264266967773,
        "2": 0.9403819441795349
    },
    "pair_chains_iptm": {
        "0": {
            "0": 0.9847683310508728,
            "1": 0.8974559307098389,
            "2": 0.6271687746047974
        },
        "1": {
            "0": 0.9907011389732361,
            "1": 0.9696264266967773,
            "2": 0.6846921443939209
        },
        "2": {
            "0": 0.9614675641059875,
            "1": 0.9024290442466736,
            "2": 0.9403819441795349
        }
    }
}