{
    "confidence_score": 0.976304829120636,
    "ptm": 0.9860979914665222,
    "iptm": 0.9835476279258728,
    "ligand_iptm": 0.9835476279258728,
    "protein_iptm": 0.0,
    "complex_plddt": 0.9744941592216492,
    "complex_iplddt": 0.9589158296585083,
    "complex_pde": 0.301804780960083,
    "complex_ipde": 0.3839867115020752,
    "chains_ptm": {
        "0": 0.986820638179779,
        "1": 0.9735682010650635,
        "2": 0.9307360053062439
    },
    "pair_chains_iptm": {
        "0": {
            "0": 0.986820638179779,
            "1": 0.9033476710319519,
            "2": 0.7609805464744568
        },
        "1": {
            "0": 0.9907808899879456,
            "1": 0.9735682010650635,
            "2": 0.8382523655891418
        },
        "2": {
            "0": 0.974591076374054,
            "1": 0.9226046800613403,
            "2": 0.9307360053062439
        }
    }
}