{
    "confidence_score": 0.971575915813446,
    "ptm": 0.9855445027351379,
    "iptm": 0.9826407432556152,
    "ligand_iptm": 0.9826407432556152,
    "protein_iptm": 0.0,
    "complex_plddt": 0.9688097834587097,
    "complex_iplddt": 0.9499929547309875,
    "complex_pde": 0.3099438548088074,
    "complex_ipde": 0.39874282479286194,
    "chains_ptm": {
        "0": 0.9863108396530151,
        "1": 0.9712794423103333,
        "2": 0.9537419080734253
    },
    "pair_chains_iptm": {
        "0": {
            "0": 0.9863108396530151,
            "1": 0.8968430757522583,
            "2": 0.7188708186149597
        },
        "1": {
            "0": 0.9904449582099915,
            "1": 0.9712794423103333,
            "2": 0.7847033739089966
        },
        "2": {
            "0": 0.9723852872848511,
            "1": 0.9209614992141724,
            "2": 0.9537419080734253
        }
    }
}