{
    "affinity_pred_value": -1.1128044128417969,
    "affinity_probability_binary": 0.7564549446105957,
    "affinity_pred_value1": -0.7155671119689941,
    "affinity_probability_binary1": 0.7309234142303467,
    "affinity_pred_value2": -1.51004159450531,
    "affinity_probability_binary2": 0.7819865345954895
}