{
    "confidence_score": 0.9672936797142029,
    "ptm": 0.9841204285621643,
    "iptm": 0.9736251831054688,
    "ligand_iptm": 0.9736251831054688,
    "protein_iptm": 0.0,
    "complex_plddt": 0.9657107591629028,
    "complex_iplddt": 0.9337162971496582,
    "complex_pde": 0.3358444571495056,
    "complex_ipde": 0.5029954314231873,
    "chains_ptm": {
        "0": 0.986562967300415,
        "1": 0.9739630818367004,
        "2": 0.9133486747741699
    },
    "pair_chains_iptm": {
        "0": {
            "0": 0.986562967300415,
            "1": 0.909058690071106,
            "2": 0.5365674495697021
        },
        "1": {
            "0": 0.991184413433075,
            "1": 0.9739630818367004,
            "2": 0.6641858220100403
        },
        "2": {
            "0": 0.9437187910079956,
            "1": 0.8942721486091614,
            "2": 0.9133486747741699
        }
    }
}