{
    "affinity_pred_value": -0.4513383209705353,
    "affinity_probability_binary": 0.8834915161132812,
    "affinity_pred_value1": -0.6984230875968933,
    "affinity_probability_binary1": 0.8886256217956543,
    "affinity_pred_value2": -0.20425356924533844,
    "affinity_probability_binary2": 0.8783573508262634
}