{
    "confidence_score": 0.9730460047721863,
    "ptm": 0.9848988056182861,
    "iptm": 0.9819933772087097,
    "ligand_iptm": 0.9819933772087097,
    "protein_iptm": 0.0,
    "complex_plddt": 0.9708091616630554,
    "complex_iplddt": 0.9521824717521667,
    "complex_pde": 0.3131445646286011,
    "complex_ipde": 0.40471673011779785,
    "chains_ptm": {
        "0": 0.9856654405593872,
        "1": 0.9772102236747742,
        "2": 0.9119101762771606
    },
    "pair_chains_iptm": {
        "0": {
            "0": 0.9856654405593872,
            "1": 0.9130317568778992,
            "2": 0.6813899874687195
        },
        "1": {
            "0": 0.9919022917747498,
            "1": 0.9772102236747742,
            "2": 0.7772107720375061
        },
        "2": {
            "0": 0.9648968577384949,
            "1": 0.9184166193008423,
            "2": 0.9119101762771606
        }
    }
}