{
    "confidence_score": 0.9707447290420532,
    "ptm": 0.9864895343780518,
    "iptm": 0.9823471903800964,
    "ligand_iptm": 0.9823471903800964,
    "protein_iptm": 0.0,
    "complex_plddt": 0.9678441286087036,
    "complex_iplddt": 0.9483938217163086,
    "complex_pde": 0.3113897442817688,
    "complex_ipde": 0.3971847891807556,
    "chains_ptm": {
        "0": 0.9874727129936218,
        "1": 0.973336935043335,
        "2": 0.9426840543746948
    },
    "pair_chains_iptm": {
        "0": {
            "0": 0.9874727129936218,
            "1": 0.9101693630218506,
            "2": 0.6423903107643127
        },
        "1": {
            "0": 0.9910475611686707,
            "1": 0.973336935043335,
            "2": 0.726600706577301
        },
        "2": {
            "0": 0.9709281325340271,
            "1": 0.9191715121269226,
            "2": 0.9426840543746948
        }
    }
}