{
    "affinity_pred_value": 0.5820562839508057,
    "affinity_probability_binary": 0.5933530330657959,
    "affinity_pred_value1": 0.3810005784034729,
    "affinity_probability_binary1": 0.6157599687576294,
    "affinity_pred_value2": 0.7831119894981384,
    "affinity_probability_binary2": 0.5709460377693176
}