{
    "confidence_score": 0.9667267203330994,
    "ptm": 0.981830894947052,
    "iptm": 0.9812619090080261,
    "ligand_iptm": 0.9812619090080261,
    "protein_iptm": 0.0,
    "complex_plddt": 0.9630928635597229,
    "complex_iplddt": 0.9341757297515869,
    "complex_pde": 0.3179277777671814,
    "complex_ipde": 0.41775402426719666,
    "chains_ptm": {
        "0": 0.9822447299957275,
        "1": 0.9657509326934814,
        "2": 0.9259076118469238
    },
    "pair_chains_iptm": {
        "0": {
            "0": 0.9822447299957275,
            "1": 0.8823340535163879,
            "2": 0.7401073575019836
        },
        "1": {
            "0": 0.9901618957519531,
            "1": 0.9657509326934814,
            "2": 0.8028838038444519
        },
        "2": {
            "0": 0.9711143970489502,
            "1": 0.9061556458473206,
            "2": 0.9259076118469238
        }
    }
}