{
    "confidence_score": 0.9696756601333618,
    "ptm": 0.9843453168869019,
    "iptm": 0.9807642102241516,
    "ligand_iptm": 0.9807642102241516,
    "protein_iptm": 0.0,
    "complex_plddt": 0.9669035077095032,
    "complex_iplddt": 0.9459736347198486,
    "complex_pde": 0.3194373846054077,
    "complex_ipde": 0.42639899253845215,
    "chains_ptm": {
        "0": 0.9854684472084045,
        "1": 0.9704299569129944,
        "2": 0.942986011505127
    },
    "pair_chains_iptm": {
        "0": {
            "0": 0.9854684472084045,
            "1": 0.9033545255661011,
            "2": 0.794130265712738
        },
        "1": {
            "0": 0.9906741976737976,
            "1": 0.9704299569129944,
            "2": 0.8352140784263611
        },
        "2": {
            "0": 0.9679481983184814,
            "1": 0.9161087870597839,
            "2": 0.942986011505127
        }
    }
}