{
    "confidence_score": 0.9744211435317993,
    "ptm": 0.9856893420219421,
    "iptm": 0.9855145812034607,
    "ligand_iptm": 0.9855145812034607,
    "protein_iptm": 0.0,
    "complex_plddt": 0.9716477394104004,
    "complex_iplddt": 0.956269383430481,
    "complex_pde": 0.30207058787345886,
    "complex_ipde": 0.38155773282051086,
    "chains_ptm": {
        "0": 0.9858132004737854,
        "1": 0.9698419570922852,
        "2": 0.9437732100486755
    },
    "pair_chains_iptm": {
        "0": {
            "0": 0.9858132004737854,
            "1": 0.893147349357605,
            "2": 0.6666831374168396
        },
        "1": {
            "0": 0.9899737238883972,
            "1": 0.9698419570922852,
            "2": 0.7299590110778809
        },
        "2": {
            "0": 0.9804674983024597,
            "1": 0.9286287426948547,
            "2": 0.9437732100486755
        }
    }
}