{
    "confidence_score": 0.9645777940750122,
    "ptm": 0.9832584857940674,
    "iptm": 0.9782240986824036,
    "ligand_iptm": 0.9782240986824036,
    "protein_iptm": 0.0,
    "complex_plddt": 0.9611661434173584,
    "complex_iplddt": 0.9286341667175293,
    "complex_pde": 0.3222941756248474,
    "complex_ipde": 0.4324188530445099,
    "chains_ptm": {
        "0": 0.9844628572463989,
        "1": 0.9718697667121887,
        "2": 0.8966246247291565
    },
    "pair_chains_iptm": {
        "0": {
            "0": 0.9844628572463989,
            "1": 0.9040142893791199,
            "2": 0.581828236579895
        },
        "1": {
            "0": 0.9908317923545837,
            "1": 0.9718697667121887,
            "2": 0.6591319441795349
        },
        "2": {
            "0": 0.9590051174163818,
            "1": 0.8999192714691162,
            "2": 0.8966246247291565
        }
    }
}