{
    "confidence_score": 0.978725254535675,
    "ptm": 0.98688143491745,
    "iptm": 0.9835686087608337,
    "ligand_iptm": 0.9835686087608337,
    "protein_iptm": 0.0,
    "complex_plddt": 0.977514386177063,
    "complex_iplddt": 0.9619054794311523,
    "complex_pde": 0.30106666684150696,
    "complex_ipde": 0.3783470094203949,
    "chains_ptm": {
        "0": 0.9877161979675293,
        "1": 0.9737603664398193,
        "2": 0.9368820190429688
    },
    "pair_chains_iptm": {
        "0": {
            "0": 0.9877161979675293,
            "1": 0.9115703105926514,
            "2": 0.7874518632888794
        },
        "1": {
            "0": 0.990900993347168,
            "1": 0.9737603664398193,
            "2": 0.849119246006012
        },
        "2": {
            "0": 0.9758976697921753,
            "1": 0.9275168776512146,
            "2": 0.9368820190429688
        }
    }
}