{
    "confidence_score": 0.9581252336502075,
    "ptm": 0.9844920039176941,
    "iptm": 0.9764162302017212,
    "ligand_iptm": 0.9764162302017212,
    "protein_iptm": 0.0,
    "complex_plddt": 0.9535524845123291,
    "complex_iplddt": 0.8993343114852905,
    "complex_pde": 0.3141005039215088,
    "complex_ipde": 0.437615305185318,
    "chains_ptm": {
        "0": 0.9865486025810242,
        "1": 0.9732334017753601,
        "2": 0.8454496264457703
    },
    "pair_chains_iptm": {
        "0": {
            "0": 0.9865486025810242,
            "1": 0.9019403457641602,
            "2": 0.5241875052452087
        },
        "1": {
            "0": 0.9908120036125183,
            "1": 0.9732334017753601,
            "2": 0.6338785290718079
        },
        "2": {
            "0": 0.9566130638122559,
            "1": 0.8990051746368408,
            "2": 0.8454496264457703
        }
    }
}