{
    "affinity_pred_value": -0.7353654503822327,
    "affinity_probability_binary": 0.7012670636177063,
    "affinity_pred_value1": -0.85891193151474,
    "affinity_probability_binary1": 0.7636112570762634,
    "affinity_pred_value2": -0.6118189692497253,
    "affinity_probability_binary2": 0.6389228701591492
}