{
    "confidence_score": 0.9746613502502441,
    "ptm": 0.9865074753761292,
    "iptm": 0.9834255576133728,
    "ligand_iptm": 0.9834255576133728,
    "protein_iptm": 0.0,
    "complex_plddt": 0.9724703431129456,
    "complex_iplddt": 0.9558814167976379,
    "complex_pde": 0.30398640036582947,
    "complex_ipde": 0.3868694603443146,
    "chains_ptm": {
        "0": 0.9872789978981018,
        "1": 0.9724996089935303,
        "2": 0.9609929919242859
    },
    "pair_chains_iptm": {
        "0": {
            "0": 0.9872789978981018,
            "1": 0.9053470492362976,
            "2": 0.7998335957527161
        },
        "1": {
            "0": 0.9908371567726135,
            "1": 0.9724996089935303,
            "2": 0.8731535077095032
        },
        "2": {
            "0": 0.975515604019165,
            "1": 0.9183419346809387,
            "2": 0.9609929919242859
        }
    }
}