{
    "confidence_score": 0.9639970660209656,
    "ptm": 0.9869990348815918,
    "iptm": 0.984068751335144,
    "ligand_iptm": 0.984068751335144,
    "protein_iptm": 0.0,
    "complex_plddt": 0.9589791297912598,
    "complex_iplddt": 0.9350249171257019,
    "complex_pde": 0.29955458641052246,
    "complex_ipde": 0.3773724138736725,
    "chains_ptm": {
        "0": 0.987845778465271,
        "1": 0.9744959473609924,
        "2": 0.9446153044700623
    },
    "pair_chains_iptm": {
        "0": {
            "0": 0.987845778465271,
            "1": 0.90845787525177,
            "2": 0.7911266088485718
        },
        "1": {
            "0": 0.990790605545044,
            "1": 0.9744959473609924,
            "2": 0.8602212071418762
        },
        "2": {
            "0": 0.9766005873680115,
            "1": 0.9243542551994324,
            "2": 0.9446153044700623
        }
    }
}