{
    "confidence_score": 0.9671359062194824,
    "ptm": 0.9865407943725586,
    "iptm": 0.9786575436592102,
    "ligand_iptm": 0.9786575436592102,
    "protein_iptm": 0.0,
    "complex_plddt": 0.9642555117607117,
    "complex_iplddt": 0.9324637055397034,
    "complex_pde": 0.3180132806301117,
    "complex_ipde": 0.4470219016075134,
    "chains_ptm": {
        "0": 0.9882870316505432,
        "1": 0.9739500880241394,
        "2": 0.9098784923553467
    },
    "pair_chains_iptm": {
        "0": {
            "0": 0.9882870316505432,
            "1": 0.905890166759491,
            "2": 0.6278963685035706
        },
        "1": {
            "0": 0.991464376449585,
            "1": 0.9739500880241394,
            "2": 0.7372974157333374
        },
        "2": {
            "0": 0.9570327401161194,
            "1": 0.9036827683448792,
            "2": 0.9098784923553467
        }
    }
}