{
    "confidence_score": 0.9715518951416016,
    "ptm": 0.9834594130516052,
    "iptm": 0.9785873889923096,
    "ligand_iptm": 0.9785873889923096,
    "protein_iptm": 0.0,
    "complex_plddt": 0.9697930812835693,
    "complex_iplddt": 0.9531646370887756,
    "complex_pde": 0.3285723626613617,
    "complex_ipde": 0.4528485834598541,
    "chains_ptm": {
        "0": 0.9845532774925232,
        "1": 0.9698225855827332,
        "2": 0.9208071827888489
    },
    "pair_chains_iptm": {
        "0": {
            "0": 0.9845532774925232,
            "1": 0.8928077816963196,
            "2": 0.6436600685119629
        },
        "1": {
            "0": 0.990739643573761,
            "1": 0.9698225855827332,
            "2": 0.7552577257156372
        },
        "2": {
            "0": 0.9559306502342224,
            "1": 0.9056885838508606,
            "2": 0.9208071827888489
        }
    }
}