{
    "affinity_pred_value": -1.0526483058929443,
    "affinity_probability_binary": 0.788912296295166,
    "affinity_pred_value1": -1.1973882913589478,
    "affinity_probability_binary1": 0.9209383130073547,
    "affinity_pred_value2": -0.9079083800315857,
    "affinity_probability_binary2": 0.6568862199783325
}