{
    "confidence_score": 0.9628254175186157,
    "ptm": 0.981257975101471,
    "iptm": 0.9698946475982666,
    "ligand_iptm": 0.9698946475982666,
    "protein_iptm": 0.0,
    "complex_plddt": 0.9610580205917358,
    "complex_iplddt": 0.9268320202827454,
    "complex_pde": 0.3506160378456116,
    "complex_ipde": 0.5167354345321655,
    "chains_ptm": {
        "0": 0.9840834140777588,
        "1": 0.970277726650238,
        "2": 0.9317331314086914
    },
    "pair_chains_iptm": {
        "0": {
            "0": 0.9840834140777588,
            "1": 0.8954076766967773,
            "2": 0.5707139372825623
        },
        "1": {
            "0": 0.9903812408447266,
            "1": 0.970277726650238,
            "2": 0.6715137362480164
        },
        "2": {
            "0": 0.9389247894287109,
            "1": 0.8775041699409485,
            "2": 0.9317331314086914
        }
    }
}