{
    "confidence_score": 0.9663248062133789,
    "ptm": 0.9866772890090942,
    "iptm": 0.9787548184394836,
    "ligand_iptm": 0.9787548184394836,
    "protein_iptm": 0.0,
    "complex_plddt": 0.9632172584533691,
    "complex_iplddt": 0.9309197068214417,
    "complex_pde": 0.31134241819381714,
    "complex_ipde": 0.42051979899406433,
    "chains_ptm": {
        "0": 0.9884950518608093,
        "1": 0.9747207164764404,
        "2": 0.9053702354431152
    },
    "pair_chains_iptm": {
        "0": {
            "0": 0.9884950518608093,
            "1": 0.9095624089241028,
            "2": 0.6446622014045715
        },
        "1": {
            "0": 0.991831362247467,
            "1": 0.9747207164764404,
            "2": 0.7459185719490051
        },
        "2": {
            "0": 0.9578201770782471,
            "1": 0.906286358833313,
            "2": 0.9053702354431152
        }
    }
}