{
    "confidence_score": 0.9583961367607117,
    "ptm": 0.9848584532737732,
    "iptm": 0.9797039031982422,
    "ligand_iptm": 0.9797039031982422,
    "protein_iptm": 0.0,
    "complex_plddt": 0.9530692100524902,
    "complex_iplddt": 0.9048358201980591,
    "complex_pde": 0.3115288317203522,
    "complex_ipde": 0.41906315088272095,
    "chains_ptm": {
        "0": 0.9861839413642883,
        "1": 0.9709145426750183,
        "2": 0.9480646848678589
    },
    "pair_chains_iptm": {
        "0": {
            "0": 0.9861839413642883,
            "1": 0.8948912024497986,
            "2": 0.7288040518760681
        },
        "1": {
            "0": 0.9897302985191345,
            "1": 0.9709145426750183,
            "2": 0.796532928943634
        },
        "2": {
            "0": 0.9700941443443298,
            "1": 0.9084937572479248,
            "2": 0.9480646848678589
        }
    }
}