{
    "confidence_score": 0.9708766341209412,
    "ptm": 0.9852985143661499,
    "iptm": 0.9822569489479065,
    "ligand_iptm": 0.9822569489479065,
    "protein_iptm": 0.0,
    "complex_plddt": 0.9680315256118774,
    "complex_iplddt": 0.9467870593070984,
    "complex_pde": 0.31100037693977356,
    "complex_ipde": 0.40316441655158997,
    "chains_ptm": {
        "0": 0.9862008690834045,
        "1": 0.9736618399620056,
        "2": 0.9511268734931946
    },
    "pair_chains_iptm": {
        "0": {
            "0": 0.9862008690834045,
            "1": 0.9042204022407532,
            "2": 0.7622566819190979
        },
        "1": {
            "0": 0.9911490082740784,
            "1": 0.9736618399620056,
            "2": 0.8320593237876892
        },
        "2": {
            "0": 0.9710775017738342,
            "1": 0.9092578291893005,
            "2": 0.9511268734931946
        }
    }
}