{
    "confidence_score": 0.9704384207725525,
    "ptm": 0.9842259287834167,
    "iptm": 0.9834001660346985,
    "ligand_iptm": 0.9834001660346985,
    "protein_iptm": 0.0,
    "complex_plddt": 0.9671979546546936,
    "complex_iplddt": 0.9507389664649963,
    "complex_pde": 0.32186806201934814,
    "complex_ipde": 0.4196077287197113,
    "chains_ptm": {
        "0": 0.984575092792511,
        "1": 0.9729819297790527,
        "2": 0.9597095251083374
    },
    "pair_chains_iptm": {
        "0": {
            "0": 0.984575092792511,
            "1": 0.9022736549377441,
            "2": 0.7783623933792114
        },
        "1": {
            "0": 0.9903218746185303,
            "1": 0.9729819297790527,
            "2": 0.8343026041984558
        },
        "2": {
            "0": 0.9742761254310608,
            "1": 0.9249898195266724,
            "2": 0.9597095251083374
        }
    }
}