{
    "affinity_pred_value": -0.6698826551437378,
    "affinity_probability_binary": 0.6998583078384399,
    "affinity_pred_value1": -1.1456499099731445,
    "affinity_probability_binary1": 0.9132441878318787,
    "affinity_pred_value2": -0.19411534070968628,
    "affinity_probability_binary2": 0.48647236824035645
}