{
    "confidence_score": 0.9694535136222839,
    "ptm": 0.9869222640991211,
    "iptm": 0.9856813549995422,
    "ligand_iptm": 0.9856813549995422,
    "protein_iptm": 0.0,
    "complex_plddt": 0.965396523475647,
    "complex_iplddt": 0.9374246597290039,
    "complex_pde": 0.30635005235671997,
    "complex_ipde": 0.38318371772766113,
    "chains_ptm": {
        "0": 0.9874252080917358,
        "1": 0.9758629202842712,
        "2": 0.9575948715209961
    },
    "pair_chains_iptm": {
        "0": {
            "0": 0.9874252080917358,
            "1": 0.9154680371284485,
            "2": 0.7623106837272644
        },
        "1": {
            "0": 0.991136372089386,
            "1": 0.9758629202842712,
            "2": 0.8531766533851624
        },
        "2": {
            "0": 0.9797674417495728,
            "1": 0.9302999377250671,
            "2": 0.9575948715209961
        }
    }
}