{
    "confidence_score": 0.9578408598899841,
    "ptm": 0.981788158416748,
    "iptm": 0.9547534584999084,
    "ligand_iptm": 0.9547534584999084,
    "protein_iptm": 0.0,
    "complex_plddt": 0.9586126208305359,
    "complex_iplddt": 0.9124046564102173,
    "complex_pde": 0.3975030779838562,
    "complex_ipde": 0.712276816368103,
    "chains_ptm": {
        "0": 0.9892022609710693,
        "1": 0.9763827919960022,
        "2": 0.9027182459831238
    },
    "pair_chains_iptm": {
        "0": {
            "0": 0.9892022609710693,
            "1": 0.9222986698150635,
            "2": 0.4798290431499481
        },
        "1": {
            "0": 0.9919509291648865,
            "1": 0.9763827919960022,
            "2": 0.5645314455032349
        },
        "2": {
            "0": 0.9065964221954346,
            "1": 0.8578959107398987,
            "2": 0.9027182459831238
        }
    }
}