{
    "confidence_score": 0.9615150690078735,
    "ptm": 0.9839484095573425,
    "iptm": 0.9727201461791992,
    "ligand_iptm": 0.9727201461791992,
    "protein_iptm": 0.0,
    "complex_plddt": 0.958713710308075,
    "complex_iplddt": 0.9160222411155701,
    "complex_pde": 0.34422624111175537,
    "complex_ipde": 0.5224500894546509,
    "chains_ptm": {
        "0": 0.9869051575660706,
        "1": 0.9746579527854919,
        "2": 0.9012628197669983
    },
    "pair_chains_iptm": {
        "0": {
            "0": 0.9869051575660706,
            "1": 0.9053938388824463,
            "2": 0.5578138828277588
        },
        "1": {
            "0": 0.9912386536598206,
            "1": 0.9746579527854919,
            "2": 0.702987015247345
        },
        "2": {
            "0": 0.9408900737762451,
            "1": 0.8872155547142029,
            "2": 0.9012628197669983
        }
    }
}