{
    "confidence_score": 0.9749868512153625,
    "ptm": 0.9828827381134033,
    "iptm": 0.9846152663230896,
    "ligand_iptm": 0.9846152663230896,
    "protein_iptm": 0.0,
    "complex_plddt": 0.9725797176361084,
    "complex_iplddt": 0.9567864537239075,
    "complex_pde": 0.3129381537437439,
    "complex_ipde": 0.399623841047287,
    "chains_ptm": {
        "0": 0.9827426671981812,
        "1": 0.9706037640571594,
        "2": 0.9560475945472717
    },
    "pair_chains_iptm": {
        "0": {
            "0": 0.9827426671981812,
            "1": 0.8902477622032166,
            "2": 0.6049998998641968
        },
        "1": {
            "0": 0.9909439086914062,
            "1": 0.9706037640571594,
            "2": 0.7291925549507141
        },
        "2": {
            "0": 0.9638823866844177,
            "1": 0.9187198281288147,
            "2": 0.9560475945472717
        }
    }
}