{
    "confidence_score": 0.9788810610771179,
    "ptm": 0.9856550097465515,
    "iptm": 0.9873631596565247,
    "ligand_iptm": 0.9873631596565247,
    "protein_iptm": 0.0,
    "complex_plddt": 0.9767605662345886,
    "complex_iplddt": 0.9674512147903442,
    "complex_pde": 0.3020593523979187,
    "complex_ipde": 0.36081257462501526,
    "chains_ptm": {
        "0": 0.9854414463043213,
        "1": 0.9746350646018982,
        "2": 0.9427034258842468
    },
    "pair_chains_iptm": {
        "0": {
            "0": 0.9854414463043213,
            "1": 0.9080926179885864,
            "2": 0.7432940006256104
        },
        "1": {
            "0": 0.9913656711578369,
            "1": 0.9746350646018982,
            "2": 0.8140787482261658
        },
        "2": {
            "0": 0.9847068190574646,
            "1": 0.9352260231971741,
            "2": 0.9427034258842468
        }
    }
}