{
    "affinity_pred_value": -1.3498022556304932,
    "affinity_probability_binary": 0.6741827726364136,
    "affinity_pred_value1": -2.0054562091827393,
    "affinity_probability_binary1": 0.8901881575584412,
    "affinity_pred_value2": -0.6941483616828918,
    "affinity_probability_binary2": 0.4581773579120636
}