{
    "confidence_score": 0.925726592540741,
    "ptm": 0.973811149597168,
    "iptm": 0.9333969354629517,
    "ligand_iptm": 0.9333969354629517,
    "protein_iptm": 0.0,
    "complex_plddt": 0.9238089919090271,
    "complex_iplddt": 0.8278210163116455,
    "complex_pde": 0.4586825668811798,
    "complex_ipde": 0.8587343096733093,
    "chains_ptm": {
        "0": 0.9848262071609497,
        "1": 0.976298987865448,
        "2": 0.8641054034233093
    },
    "pair_chains_iptm": {
        "0": {
            "0": 0.9848262071609497,
            "1": 0.9088601469993591,
            "2": 0.5213738083839417
        },
        "1": {
            "0": 0.9909446835517883,
            "1": 0.976298987865448,
            "2": 0.621313750743866
        },
        "2": {
            "0": 0.8623572587966919,
            "1": 0.8087269067764282,
            "2": 0.8641054034233093
        }
    }
}