{
    "confidence_score": 0.9754865765571594,
    "ptm": 0.9869627952575684,
    "iptm": 0.9864497780799866,
    "ligand_iptm": 0.9864497780799866,
    "protein_iptm": 0.0,
    "complex_plddt": 0.9727457761764526,
    "complex_iplddt": 0.9601554870605469,
    "complex_pde": 0.2977474331855774,
    "complex_ipde": 0.36839208006858826,
    "chains_ptm": {
        "0": 0.987289547920227,
        "1": 0.9705896377563477,
        "2": 0.9754595160484314
    },
    "pair_chains_iptm": {
        "0": {
            "0": 0.987289547920227,
            "1": 0.8956353068351746,
            "2": 0.8195956945419312
        },
        "1": {
            "0": 0.9903738498687744,
            "1": 0.9705896377563477,
            "2": 0.8531803488731384
        },
        "2": {
            "0": 0.9823964238166809,
            "1": 0.9269101619720459,
            "2": 0.9754595160484314
        }
    }
}