{
    "confidence_score": 0.9607314467430115,
    "ptm": 0.9831458330154419,
    "iptm": 0.9722133278846741,
    "ligand_iptm": 0.9722133278846741,
    "protein_iptm": 0.0,
    "complex_plddt": 0.9578609466552734,
    "complex_iplddt": 0.9201802015304565,
    "complex_pde": 0.35249316692352295,
    "complex_ipde": 0.5339608192443848,
    "chains_ptm": {
        "0": 0.9860339760780334,
        "1": 0.9742118716239929,
        "2": 0.9345026612281799
    },
    "pair_chains_iptm": {
        "0": {
            "0": 0.9860339760780334,
            "1": 0.9032546281814575,
            "2": 0.7844973206520081
        },
        "1": {
            "0": 0.9916348457336426,
            "1": 0.9742118716239929,
            "2": 0.8528581261634827
        },
        "2": {
            "0": 0.9401156306266785,
            "1": 0.8954721689224243,
            "2": 0.9345026612281799
        }
    }
}