{
    "confidence_score": 0.9752189517021179,
    "ptm": 0.9863899350166321,
    "iptm": 0.9858126640319824,
    "ligand_iptm": 0.9858126640319824,
    "protein_iptm": 0.0,
    "complex_plddt": 0.9725705981254578,
    "complex_iplddt": 0.9594811201095581,
    "complex_pde": 0.3120867908000946,
    "complex_ipde": 0.38634735345840454,
    "chains_ptm": {
        "0": 0.9866153597831726,
        "1": 0.9743144512176514,
        "2": 0.9604601860046387
    },
    "pair_chains_iptm": {
        "0": {
            "0": 0.9866153597831726,
            "1": 0.9128329157829285,
            "2": 0.8041254281997681
        },
        "1": {
            "0": 0.9917011857032776,
            "1": 0.9743144512176514,
            "2": 0.8704675436019897
        },
        "2": {
            "0": 0.9783515334129333,
            "1": 0.9371368885040283,
            "2": 0.9604601860046387
        }
    }
}