{
    "confidence_score": 0.9652562141418457,
    "ptm": 0.9875326156616211,
    "iptm": 0.985093891620636,
    "ligand_iptm": 0.985093891620636,
    "protein_iptm": 0.0,
    "complex_plddt": 0.9602968096733093,
    "complex_iplddt": 0.9294405579566956,
    "complex_pde": 0.2968027889728546,
    "complex_ipde": 0.3703326880931854,
    "chains_ptm": {
        "0": 0.9882553815841675,
        "1": 0.9732730984687805,
        "2": 0.9371070861816406
    },
    "pair_chains_iptm": {
        "0": {
            "0": 0.9882553815841675,
            "1": 0.9130854606628418,
            "2": 0.7781480550765991
        },
        "1": {
            "0": 0.9911338686943054,
            "1": 0.9732730984687805,
            "2": 0.8448330760002136
        },
        "2": {
            "0": 0.978522002696991,
            "1": 0.9285898208618164,
            "2": 0.9371070861816406
        }
    }
}