{
    "confidence_score": 0.9687584042549133,
    "ptm": 0.9814278483390808,
    "iptm": 0.9766486287117004,
    "ligand_iptm": 0.9766486287117004,
    "protein_iptm": 0.0,
    "complex_plddt": 0.9667857885360718,
    "complex_iplddt": 0.947380542755127,
    "complex_pde": 0.32665643095970154,
    "complex_ipde": 0.4380231499671936,
    "chains_ptm": {
        "0": 0.9824714064598083,
        "1": 0.9690917134284973,
        "2": 0.9386797547340393
    },
    "pair_chains_iptm": {
        "0": {
            "0": 0.9824714064598083,
            "1": 0.8877554535865784,
            "2": 0.6846005320549011
        },
        "1": {
            "0": 0.9908530712127686,
            "1": 0.9690917134284973,
            "2": 0.7876485586166382
        },
        "2": {
            "0": 0.949743390083313,
            "1": 0.8981873393058777,
            "2": 0.9386797547340393
        }
    }
}