{
    "affinity_pred_value": -1.4039852619171143,
    "affinity_probability_binary": 0.8862932920455933,
    "affinity_pred_value1": -1.668664813041687,
    "affinity_probability_binary1": 0.9781234860420227,
    "affinity_pred_value2": -1.139305591583252,
    "affinity_probability_binary2": 0.794463038444519
}