{
    "confidence_score": 0.9701823592185974,
    "ptm": 0.9855793118476868,
    "iptm": 0.9820333123207092,
    "ligand_iptm": 0.9820333123207092,
    "protein_iptm": 0.0,
    "complex_plddt": 0.9672195911407471,
    "complex_iplddt": 0.9455679655075073,
    "complex_pde": 0.31157630681991577,
    "complex_ipde": 0.3955186903476715,
    "chains_ptm": {
        "0": 0.9864710569381714,
        "1": 0.9730413556098938,
        "2": 0.9193946719169617
    },
    "pair_chains_iptm": {
        "0": {
            "0": 0.9864710569381714,
            "1": 0.90733402967453,
            "2": 0.7785314917564392
        },
        "1": {
            "0": 0.9905896782875061,
            "1": 0.9730413556098938,
            "2": 0.8203002214431763
        },
        "2": {
            "0": 0.9713201522827148,
            "1": 0.9263626933097839,
            "2": 0.9193946719169617
        }
    }
}