{
    "affinity_pred_value": -1.5277069807052612,
    "affinity_probability_binary": 0.9365038871765137,
    "affinity_pred_value1": -1.9883207082748413,
    "affinity_probability_binary1": 0.9993388056755066,
    "affinity_pred_value2": -1.0670932531356812,
    "affinity_probability_binary2": 0.873668909072876
}