{
    "confidence_score": 0.958812415599823,
    "ptm": 0.9824129343032837,
    "iptm": 0.9729536175727844,
    "ligand_iptm": 0.9729536175727844,
    "protein_iptm": 0.0,
    "complex_plddt": 0.9552770853042603,
    "complex_iplddt": 0.9059503674507141,
    "complex_pde": 0.3199480473995209,
    "complex_ipde": 0.4189996123313904,
    "chains_ptm": {
        "0": 0.9849344491958618,
        "1": 0.9684581160545349,
        "2": 0.9329482316970825
    },
    "pair_chains_iptm": {
        "0": {
            "0": 0.9849344491958618,
            "1": 0.8890098929405212,
            "2": 0.742422878742218
        },
        "1": {
            "0": 0.9896385669708252,
            "1": 0.9684581160545349,
            "2": 0.8340383172035217
        },
        "2": {
            "0": 0.9516670107841492,
            "1": 0.8922420144081116,
            "2": 0.9329482316970825
        }
    }
}