{
    "affinity_pred_value": -0.7586003541946411,
    "affinity_probability_binary": 0.8001772165298462,
    "affinity_pred_value1": -1.0560188293457031,
    "affinity_probability_binary1": 0.7728609442710876,
    "affinity_pred_value2": -0.4611819088459015,
    "affinity_probability_binary2": 0.82749342918396
}