{
    "confidence_score": 0.9752578735351562,
    "ptm": 0.983421802520752,
    "iptm": 0.9817034006118774,
    "ligand_iptm": 0.9817034006118774,
    "protein_iptm": 0.0,
    "complex_plddt": 0.9736465215682983,
    "complex_iplddt": 0.96038419008255,
    "complex_pde": 0.31659770011901855,
    "complex_ipde": 0.41433653235435486,
    "chains_ptm": {
        "0": 0.983992874622345,
        "1": 0.9717753529548645,
        "2": 0.9581567049026489
    },
    "pair_chains_iptm": {
        "0": {
            "0": 0.983992874622345,
            "1": 0.9012389183044434,
            "2": 0.7177366614341736
        },
        "1": {
            "0": 0.9907028675079346,
            "1": 0.9717753529548645,
            "2": 0.8014405965805054
        },
        "2": {
            "0": 0.9698789119720459,
            "1": 0.9078851938247681,
            "2": 0.9581567049026489
        }
    }
}