{
    "confidence_score": 0.9685706496238708,
    "ptm": 0.9861007928848267,
    "iptm": 0.9811800718307495,
    "ligand_iptm": 0.9811800718307495,
    "protein_iptm": 0.0,
    "complex_plddt": 0.96541827917099,
    "complex_iplddt": 0.9393936991691589,
    "complex_pde": 0.30813536047935486,
    "complex_ipde": 0.3955412209033966,
    "chains_ptm": {
        "0": 0.9871992468833923,
        "1": 0.9750930666923523,
        "2": 0.9125925898551941
    },
    "pair_chains_iptm": {
        "0": {
            "0": 0.9871992468833923,
            "1": 0.9103430509567261,
            "2": 0.5231633186340332
        },
        "1": {
            "0": 0.9911556839942932,
            "1": 0.9750930666923523,
            "2": 0.622544527053833
        },
        "2": {
            "0": 0.9639685750007629,
            "1": 0.9114798903465271,
            "2": 0.9125925898551941
        }
    }
}