{
    "confidence_score": 0.9653472900390625,
    "ptm": 0.9788745045661926,
    "iptm": 0.9736573696136475,
    "ligand_iptm": 0.9736573696136475,
    "protein_iptm": 0.0,
    "complex_plddt": 0.9632697105407715,
    "complex_iplddt": 0.9317687153816223,
    "complex_pde": 0.35100725293159485,
    "complex_ipde": 0.5257441997528076,
    "chains_ptm": {
        "0": 0.9800752997398376,
        "1": 0.9647213816642761,
        "2": 0.9194465279579163
    },
    "pair_chains_iptm": {
        "0": {
            "0": 0.9800752997398376,
            "1": 0.8730365633964539,
            "2": 0.49313852190971375
        },
        "1": {
            "0": 0.9895420074462891,
            "1": 0.9647213816642761,
            "2": 0.5685958862304688
        },
        "2": {
            "0": 0.9442849159240723,
            "1": 0.8861072063446045,
            "2": 0.9194465279579163
        }
    }
}