{
    "confidence_score": 0.9539918899536133,
    "ptm": 0.9858129024505615,
    "iptm": 0.9731634259223938,
    "ligand_iptm": 0.9731634259223938,
    "protein_iptm": 0.0,
    "complex_plddt": 0.9491989612579346,
    "complex_iplddt": 0.894930899143219,
    "complex_pde": 0.340696781873703,
    "complex_ipde": 0.5220710635185242,
    "chains_ptm": {
        "0": 0.9888002276420593,
        "1": 0.9762184023857117,
        "2": 0.884105920791626
    },
    "pair_chains_iptm": {
        "0": {
            "0": 0.9888002276420593,
            "1": 0.9212164282798767,
            "2": 0.5388993620872498
        },
        "1": {
            "0": 0.9919676184654236,
            "1": 0.9762184023857117,
            "2": 0.6484799981117249
        },
        "2": {
            "0": 0.9427441358566284,
            "1": 0.8898451924324036,
            "2": 0.884105920791626
        }
    }
}