{
    "confidence_score": 0.9709927439689636,
    "ptm": 0.9889448285102844,
    "iptm": 0.9853110909461975,
    "ligand_iptm": 0.9853110909461975,
    "protein_iptm": 0.0,
    "complex_plddt": 0.9674131274223328,
    "complex_iplddt": 0.9426818490028381,
    "complex_pde": 0.2917984127998352,
    "complex_ipde": 0.3653785288333893,
    "chains_ptm": {
        "0": 0.989674985408783,
        "1": 0.9773828983306885,
        "2": 0.9459377527236938
    },
    "pair_chains_iptm": {
        "0": {
            "0": 0.989674985408783,
            "1": 0.9196028113365173,
            "2": 0.5234503746032715
        },
        "1": {
            "0": 0.9923874735832214,
            "1": 0.9773828983306885,
            "2": 0.647881269454956
        },
        "2": {
            "0": 0.9682447910308838,
            "1": 0.9247009754180908,
            "2": 0.9459377527236938
        }
    }
}