{
    "confidence_score": 0.9653095602989197,
    "ptm": 0.9852052927017212,
    "iptm": 0.9792999625205994,
    "ligand_iptm": 0.9792999625205994,
    "protein_iptm": 0.0,
    "complex_plddt": 0.961811900138855,
    "complex_iplddt": 0.9332532286643982,
    "complex_pde": 0.30891913175582886,
    "complex_ipde": 0.4065520167350769,
    "chains_ptm": {
        "0": 0.9866524338722229,
        "1": 0.9726750254631042,
        "2": 0.8967837691307068
    },
    "pair_chains_iptm": {
        "0": {
            "0": 0.9866524338722229,
            "1": 0.901945173740387,
            "2": 0.489817351102829
        },
        "1": {
            "0": 0.9911255240440369,
            "1": 0.9726750254631042,
            "2": 0.5961732268333435
        },
        "2": {
            "0": 0.9563714265823364,
            "1": 0.9001471400260925,
            "2": 0.8967837691307068
        }
    }
}