{
    "confidence_score": 0.9424344301223755,
    "ptm": 0.9794504046440125,
    "iptm": 0.9452861547470093,
    "ligand_iptm": 0.9452861547470093,
    "protein_iptm": 0.0,
    "complex_plddt": 0.9417214393615723,
    "complex_iplddt": 0.864911675453186,
    "complex_pde": 0.3938751518726349,
    "complex_ipde": 0.7012068629264832,
    "chains_ptm": {
        "0": 0.9872161149978638,
        "1": 0.9722309112548828,
        "2": 0.7928386926651001
    },
    "pair_chains_iptm": {
        "0": {
            "0": 0.9872161149978638,
            "1": 0.9055558443069458,
            "2": 0.3305133283138275
        },
        "1": {
            "0": 0.991131067276001,
            "1": 0.9722309112548828,
            "2": 0.5270804762840271
        },
        "2": {
            "0": 0.8609424829483032,
            "1": 0.8030673861503601,
            "2": 0.7928386926651001
        }
    }
}