{
    "confidence_score": 0.9719875454902649,
    "ptm": 0.9871702194213867,
    "iptm": 0.9841368198394775,
    "ligand_iptm": 0.9841368198394775,
    "protein_iptm": 0.0,
    "complex_plddt": 0.9689501523971558,
    "complex_iplddt": 0.9514224529266357,
    "complex_pde": 0.3003782629966736,
    "complex_ipde": 0.37797248363494873,
    "chains_ptm": {
        "0": 0.9879494309425354,
        "1": 0.9746745228767395,
        "2": 0.9573112726211548
    },
    "pair_chains_iptm": {
        "0": {
            "0": 0.9879494309425354,
            "1": 0.9133252501487732,
            "2": 0.7108057737350464
        },
        "1": {
            "0": 0.9909594655036926,
            "1": 0.9746745228767395,
            "2": 0.7712291479110718
        },
        "2": {
            "0": 0.9774158596992493,
            "1": 0.9187467694282532,
            "2": 0.9573112726211548
        }
    }
}