{
    "affinity_pred_value": -1.123052716255188,
    "affinity_probability_binary": 0.76197749376297,
    "affinity_pred_value1": -1.4542168378829956,
    "affinity_probability_binary1": 0.9215775728225708,
    "affinity_pred_value2": -0.7918885946273804,
    "affinity_probability_binary2": 0.6023774147033691
}