{
    "confidence_score": 0.9744259119033813,
    "ptm": 0.9848971962928772,
    "iptm": 0.9824119210243225,
    "ligand_iptm": 0.9824119210243225,
    "protein_iptm": 0.0,
    "complex_plddt": 0.9724293351173401,
    "complex_iplddt": 0.9596944451332092,
    "complex_pde": 0.31803837418556213,
    "complex_ipde": 0.40658918023109436,
    "chains_ptm": {
        "0": 0.985586404800415,
        "1": 0.9734804630279541,
        "2": 0.8932273387908936
    },
    "pair_chains_iptm": {
        "0": {
            "0": 0.985586404800415,
            "1": 0.9116095304489136,
            "2": 0.6322040557861328
        },
        "1": {
            "0": 0.9912924766540527,
            "1": 0.9734804630279541,
            "2": 0.7770359516143799
        },
        "2": {
            "0": 0.9745219945907593,
            "1": 0.9179409742355347,
            "2": 0.8932273387908936
        }
    }
}