{
    "confidence_score": 0.9711917042732239,
    "ptm": 0.9821034669876099,
    "iptm": 0.9798892736434937,
    "ligand_iptm": 0.9798892736434937,
    "protein_iptm": 0.0,
    "complex_plddt": 0.9690173268318176,
    "complex_iplddt": 0.9522620439529419,
    "complex_pde": 0.32180747389793396,
    "complex_ipde": 0.43472766876220703,
    "chains_ptm": {
        "0": 0.9828153252601624,
        "1": 0.9659352898597717,
        "2": 0.9429466128349304
    },
    "pair_chains_iptm": {
        "0": {
            "0": 0.9828153252601624,
            "1": 0.8814252018928528,
            "2": 0.7126950025558472
        },
        "1": {
            "0": 0.9893625378608704,
            "1": 0.9659352898597717,
            "2": 0.7691534161567688
        },
        "2": {
            "0": 0.9747045040130615,
            "1": 0.9015042185783386,
            "2": 0.9429466128349304
        }
    }
}