{
    "affinity_pred_value": -0.12945544719696045,
    "affinity_probability_binary": 0.5963219404220581,
    "affinity_pred_value1": -0.2712010145187378,
    "affinity_probability_binary1": 0.6623997688293457,
    "affinity_pred_value2": 0.012290120124816895,
    "affinity_probability_binary2": 0.5302440524101257
}