{
    "confidence_score": 0.9664141535758972,
    "ptm": 0.9851559996604919,
    "iptm": 0.9764862060546875,
    "ligand_iptm": 0.9764862060546875,
    "protein_iptm": 0.0,
    "complex_plddt": 0.9638961553573608,
    "complex_iplddt": 0.9329126477241516,
    "complex_pde": 0.3227689862251282,
    "complex_ipde": 0.4430755376815796,
    "chains_ptm": {
        "0": 0.987392783164978,
        "1": 0.9735098481178284,
        "2": 0.9290128350257874
    },
    "pair_chains_iptm": {
        "0": {
            "0": 0.987392783164978,
            "1": 0.9077340364456177,
            "2": 0.7376785278320312
        },
        "1": {
            "0": 0.9907903075218201,
            "1": 0.9735098481178284,
            "2": 0.8230787515640259
        },
        "2": {
            "0": 0.9552688002586365,
            "1": 0.9052356481552124,
            "2": 0.9290128350257874
        }
    }
}