{
    "confidence_score": 0.9676198959350586,
    "ptm": 0.9861457943916321,
    "iptm": 0.9858191609382629,
    "ligand_iptm": 0.9858191609382629,
    "protein_iptm": 0.0,
    "complex_plddt": 0.9630700349807739,
    "complex_iplddt": 0.9451012015342712,
    "complex_pde": 0.302574098110199,
    "complex_ipde": 0.37325525283813477,
    "chains_ptm": {
        "0": 0.9863126873970032,
        "1": 0.9722313284873962,
        "2": 0.9598939418792725
    },
    "pair_chains_iptm": {
        "0": {
            "0": 0.9863126873970032,
            "1": 0.9015554189682007,
            "2": 0.7822656035423279
        },
        "1": {
            "0": 0.9902248978614807,
            "1": 0.9722313284873962,
            "2": 0.8365980386734009
        },
        "2": {
            "0": 0.9839874505996704,
            "1": 0.9277458190917969,
            "2": 0.9598939418792725
        }
    }
}