{
    "confidence_score": 0.9543329477310181,
    "ptm": 0.9779881834983826,
    "iptm": 0.9565258622169495,
    "ligand_iptm": 0.9565258622169495,
    "protein_iptm": 0.0,
    "complex_plddt": 0.9537846446037292,
    "complex_iplddt": 0.8971766829490662,
    "complex_pde": 0.38433361053466797,
    "complex_ipde": 0.6768200993537903,
    "chains_ptm": {
        "0": 0.9832360744476318,
        "1": 0.967904269695282,
        "2": 0.8896153569221497
    },
    "pair_chains_iptm": {
        "0": {
            "0": 0.9832360744476318,
            "1": 0.8862812519073486,
            "2": 0.4838181138038635
        },
        "1": {
            "0": 0.9905171990394592,
            "1": 0.967904269695282,
            "2": 0.6078846454620361
        },
        "2": {
            "0": 0.9011512994766235,
            "1": 0.8421844244003296,
            "2": 0.8896153569221497
        }
    }
}