{
    "confidence_score": 0.957726776599884,
    "ptm": 0.9855352640151978,
    "iptm": 0.9774087071418762,
    "ligand_iptm": 0.9774087071418762,
    "protein_iptm": 0.0,
    "complex_plddt": 0.952806293964386,
    "complex_iplddt": 0.9073082208633423,
    "complex_pde": 0.3196798861026764,
    "complex_ipde": 0.42651525139808655,
    "chains_ptm": {
        "0": 0.9876061677932739,
        "1": 0.9756500720977783,
        "2": 0.9348949790000916
    },
    "pair_chains_iptm": {
        "0": {
            "0": 0.9876061677932739,
            "1": 0.9126024842262268,
            "2": 0.6275312304496765
        },
        "1": {
            "0": 0.9912652969360352,
            "1": 0.9756500720977783,
            "2": 0.7056093215942383
        },
        "2": {
            "0": 0.9596326947212219,
            "1": 0.9053133130073547,
            "2": 0.9348949790000916
        }
    }
}