{
    "confidence_score": 0.9647859930992126,
    "ptm": 0.9848423004150391,
    "iptm": 0.9773058295249939,
    "ligand_iptm": 0.9773058295249939,
    "protein_iptm": 0.0,
    "complex_plddt": 0.9616559743881226,
    "complex_iplddt": 0.9349027276039124,
    "complex_pde": 0.3168756663799286,
    "complex_ipde": 0.45435452461242676,
    "chains_ptm": {
        "0": 0.9869232177734375,
        "1": 0.9729238152503967,
        "2": 0.911665141582489
    },
    "pair_chains_iptm": {
        "0": {
            "0": 0.9869232177734375,
            "1": 0.9036293625831604,
            "2": 0.6691911220550537
        },
        "1": {
            "0": 0.9910471439361572,
            "1": 0.9729238152503967,
            "2": 0.7715083360671997
        },
        "2": {
            "0": 0.9635439515113831,
            "1": 0.899125337600708,
            "2": 0.911665141582489
        }
    }
}