{
    "confidence_score": 0.9724092483520508,
    "ptm": 0.9826362133026123,
    "iptm": 0.9781390428543091,
    "ligand_iptm": 0.9781390428543091,
    "protein_iptm": 0.0,
    "complex_plddt": 0.9709767699241638,
    "complex_iplddt": 0.9542182087898254,
    "complex_pde": 0.33389371633529663,
    "complex_ipde": 0.4646046459674835,
    "chains_ptm": {
        "0": 0.9838142991065979,
        "1": 0.9710009098052979,
        "2": 0.9233741164207458
    },
    "pair_chains_iptm": {
        "0": {
            "0": 0.9838142991065979,
            "1": 0.8936352133750916,
            "2": 0.642344057559967
        },
        "1": {
            "0": 0.9905309081077576,
            "1": 0.9710009098052979,
            "2": 0.7497933506965637
        },
        "2": {
            "0": 0.9530661702156067,
            "1": 0.9062839150428772,
            "2": 0.9233741164207458
        }
    }
}