{
    "affinity_pred_value": -1.1028785705566406,
    "affinity_probability_binary": 0.6807659864425659,
    "affinity_pred_value1": -1.9652988910675049,
    "affinity_probability_binary1": 0.9550955295562744,
    "affinity_pred_value2": -0.24045827984809875,
    "affinity_probability_binary2": 0.4064364731311798
}