{
    "confidence_score": 0.9670524001121521,
    "ptm": 0.9858901500701904,
    "iptm": 0.9792852997779846,
    "ligand_iptm": 0.9792852997779846,
    "protein_iptm": 0.0,
    "complex_plddt": 0.9639940857887268,
    "complex_iplddt": 0.9411342740058899,
    "complex_pde": 0.32879188656806946,
    "complex_ipde": 0.4531642496585846,
    "chains_ptm": {
        "0": 0.9875407218933105,
        "1": 0.9764566421508789,
        "2": 0.8774297833442688
    },
    "pair_chains_iptm": {
        "0": {
            "0": 0.9875407218933105,
            "1": 0.9173829555511475,
            "2": 0.6311447024345398
        },
        "1": {
            "0": 0.9924402236938477,
            "1": 0.9764566421508789,
            "2": 0.6829749941825867
        },
        "2": {
            "0": 0.9618040919303894,
            "1": 0.9140579700469971,
            "2": 0.8774297833442688
        }
    }
}