{
    "confidence_score": 0.9707595109939575,
    "ptm": 0.9832801818847656,
    "iptm": 0.9802171587944031,
    "ligand_iptm": 0.9802171587944031,
    "protein_iptm": 0.0,
    "complex_plddt": 0.9683950543403625,
    "complex_iplddt": 0.9457153677940369,
    "complex_pde": 0.30852335691452026,
    "complex_ipde": 0.4065387547016144,
    "chains_ptm": {
        "0": 0.984364926815033,
        "1": 0.9683758616447449,
        "2": 0.9449341893196106
    },
    "pair_chains_iptm": {
        "0": {
            "0": 0.984364926815033,
            "1": 0.8807552456855774,
            "2": 0.729010283946991
        },
        "1": {
            "0": 0.9889641404151917,
            "1": 0.9683758616447449,
            "2": 0.7897052764892578
        },
        "2": {
            "0": 0.9744102358818054,
            "1": 0.9003872871398926,
            "2": 0.9449341893196106
        }
    }
}