{
    "affinity_pred_value": -0.8322723507881165,
    "affinity_probability_binary": 0.6926048994064331,
    "affinity_pred_value1": -1.0381231307983398,
    "affinity_probability_binary1": 0.6868059635162354,
    "affinity_pred_value2": -0.6264215707778931,
    "affinity_probability_binary2": 0.6984038352966309
}