{
    "confidence_score": 0.968775749206543,
    "ptm": 0.9850509166717529,
    "iptm": 0.9776422381401062,
    "ligand_iptm": 0.9776422381401062,
    "protein_iptm": 0.0,
    "complex_plddt": 0.966559112071991,
    "complex_iplddt": 0.9359920024871826,
    "complex_pde": 0.31211787462234497,
    "complex_ipde": 0.4160749018192291,
    "chains_ptm": {
        "0": 0.9869601130485535,
        "1": 0.9729130864143372,
        "2": 0.9121162295341492
    },
    "pair_chains_iptm": {
        "0": {
            "0": 0.9869601130485535,
            "1": 0.9031247496604919,
            "2": 0.6551647186279297
        },
        "1": {
            "0": 0.9907980561256409,
            "1": 0.9729130864143372,
            "2": 0.707716703414917
        },
        "2": {
            "0": 0.9592905640602112,
            "1": 0.9037577509880066,
            "2": 0.9121162295341492
        }
    }
}