{
    "confidence_score": 0.9727412462234497,
    "ptm": 0.9844392538070679,
    "iptm": 0.9845701456069946,
    "ligand_iptm": 0.9845701456069946,
    "protein_iptm": 0.0,
    "complex_plddt": 0.9697840213775635,
    "complex_iplddt": 0.9528349041938782,
    "complex_pde": 0.31676214933395386,
    "complex_ipde": 0.40558817982673645,
    "chains_ptm": {
        "0": 0.9846387505531311,
        "1": 0.971790075302124,
        "2": 0.9601724743843079
    },
    "pair_chains_iptm": {
        "0": {
            "0": 0.9846387505531311,
            "1": 0.9012443423271179,
            "2": 0.7663466930389404
        },
        "1": {
            "0": 0.9906405806541443,
            "1": 0.971790075302124,
            "2": 0.8328054547309875
        },
        "2": {
            "0": 0.9764177203178406,
            "1": 0.9291895031929016,
            "2": 0.9601724743843079
        }
    }
}