{
    "affinity_pred_value": -0.3631829619407654,
    "affinity_probability_binary": 0.42160943150520325,
    "affinity_pred_value1": -0.12268558889627457,
    "affinity_probability_binary1": 0.2982448935508728,
    "affinity_pred_value2": -0.6036803126335144,
    "affinity_probability_binary2": 0.5449739694595337
}