{
    "confidence_score": 0.9737673997879028,
    "ptm": 0.9862750172615051,
    "iptm": 0.9833846688270569,
    "ligand_iptm": 0.9833846688270569,
    "protein_iptm": 0.0,
    "complex_plddt": 0.9713630676269531,
    "complex_iplddt": 0.9545586705207825,
    "complex_pde": 0.3073684573173523,
    "complex_ipde": 0.39210182428359985,
    "chains_ptm": {
        "0": 0.9870342016220093,
        "1": 0.972783625125885,
        "2": 0.9488243460655212
    },
    "pair_chains_iptm": {
        "0": {
            "0": 0.9870342016220093,
            "1": 0.9128972291946411,
            "2": 0.6724854707717896
        },
        "1": {
            "0": 0.9909052848815918,
            "1": 0.972783625125885,
            "2": 0.747951328754425
        },
        "2": {
            "0": 0.9751786589622498,
            "1": 0.9246930480003357,
            "2": 0.9488243460655212
        }
    }
}