{
    "confidence_score": 0.9742056727409363,
    "ptm": 0.9856077432632446,
    "iptm": 0.9813345074653625,
    "ligand_iptm": 0.9813345074653625,
    "protein_iptm": 0.0,
    "complex_plddt": 0.9724234938621521,
    "complex_iplddt": 0.9522507786750793,
    "complex_pde": 0.30724114179611206,
    "complex_ipde": 0.4018173813819885,
    "chains_ptm": {
        "0": 0.9867883324623108,
        "1": 0.9720461368560791,
        "2": 0.9281905889511108
    },
    "pair_chains_iptm": {
        "0": {
            "0": 0.9867883324623108,
            "1": 0.907480001449585,
            "2": 0.7433460354804993
        },
        "1": {
            "0": 0.9908689856529236,
            "1": 0.9720461368560791,
            "2": 0.8256058096885681
        },
        "2": {
            "0": 0.9693177342414856,
            "1": 0.9185200929641724,
            "2": 0.9281905889511108
        }
    }
}