{
    "confidence_score": 0.9804846048355103,
    "ptm": 0.986169159412384,
    "iptm": 0.9885733127593994,
    "ligand_iptm": 0.9885733127593994,
    "protein_iptm": 0.0,
    "complex_plddt": 0.9784624576568604,
    "complex_iplddt": 0.9729224443435669,
    "complex_pde": 0.30597272515296936,
    "complex_ipde": 0.3786759674549103,
    "chains_ptm": {
        "0": 0.9857307076454163,
        "1": 0.9738729596138,
        "2": 0.9793307781219482
    },
    "pair_chains_iptm": {
        "0": {
            "0": 0.9857307076454163,
            "1": 0.9100810885429382,
            "2": 0.8563395738601685
        },
        "1": {
            "0": 0.9914663434028625,
            "1": 0.9738729596138,
            "2": 0.9124507308006287
        },
        "2": {
            "0": 0.9868950247764587,
            "1": 0.9399352073669434,
            "2": 0.9793307781219482
        }
    }
}