{
    "confidence_score": 0.9701914191246033,
    "ptm": 0.9837942123413086,
    "iptm": 0.972477376461029,
    "ligand_iptm": 0.972477376461029,
    "protein_iptm": 0.0,
    "complex_plddt": 0.969619870185852,
    "complex_iplddt": 0.9457187652587891,
    "complex_pde": 0.33886703848838806,
    "complex_ipde": 0.5261001586914062,
    "chains_ptm": {
        "0": 0.9863435626029968,
        "1": 0.967330276966095,
        "2": 0.9188204407691956
    },
    "pair_chains_iptm": {
        "0": {
            "0": 0.9863435626029968,
            "1": 0.8840269446372986,
            "2": 0.48144879937171936
        },
        "1": {
            "0": 0.9899182915687561,
            "1": 0.967330276966095,
            "2": 0.6221904754638672
        },
        "2": {
            "0": 0.9406508803367615,
            "1": 0.8805480003356934,
            "2": 0.9188204407691956
        }
    }
}