{
    "confidence_score": 0.9713488817214966,
    "ptm": 0.9881763458251953,
    "iptm": 0.9830113649368286,
    "ligand_iptm": 0.9830113649368286,
    "protein_iptm": 0.0,
    "complex_plddt": 0.9684332609176636,
    "complex_iplddt": 0.9465245008468628,
    "complex_pde": 0.3053932785987854,
    "complex_ipde": 0.4057009816169739,
    "chains_ptm": {
        "0": 0.9893901348114014,
        "1": 0.9790537357330322,
        "2": 0.9090275168418884
    },
    "pair_chains_iptm": {
        "0": {
            "0": 0.9893901348114014,
            "1": 0.9251220226287842,
            "2": 0.6888620853424072
        },
        "1": {
            "0": 0.992182731628418,
            "1": 0.9790537357330322,
            "2": 0.7855082750320435
        },
        "2": {
            "0": 0.9697270393371582,
            "1": 0.9272127151489258,
            "2": 0.9090275168418884
        }
    }
}