{
    "affinity_pred_value": -0.20245088636875153,
    "affinity_probability_binary": 0.686495304107666,
    "affinity_pred_value1": -0.8088799715042114,
    "affinity_probability_binary1": 0.8044280409812927,
    "affinity_pred_value2": 0.4039781987667084,
    "affinity_probability_binary2": 0.5685625672340393
}