{
    "confidence_score": 0.9686147570610046,
    "ptm": 0.983536958694458,
    "iptm": 0.9756895303726196,
    "ligand_iptm": 0.9756895303726196,
    "protein_iptm": 0.0,
    "complex_plddt": 0.9668461084365845,
    "complex_iplddt": 0.9410054087638855,
    "complex_pde": 0.33638328313827515,
    "complex_ipde": 0.4932447373867035,
    "chains_ptm": {
        "0": 0.9858044981956482,
        "1": 0.9726205468177795,
        "2": 0.9353309273719788
    },
    "pair_chains_iptm": {
        "0": {
            "0": 0.9858044981956482,
            "1": 0.9060056805610657,
            "2": 0.6252160668373108
        },
        "1": {
            "0": 0.990772545337677,
            "1": 0.9726205468177795,
            "2": 0.6972845196723938
        },
        "2": {
            "0": 0.9563954472541809,
            "1": 0.8920117020606995,
            "2": 0.9353309273719788
        }
    }
}