{
    "affinity_pred_value": -0.8619591593742371,
    "affinity_probability_binary": 0.9703749418258667,
    "affinity_pred_value1": -1.3148044347763062,
    "affinity_probability_binary1": 0.9857414960861206,
    "affinity_pred_value2": -0.40911391377449036,
    "affinity_probability_binary2": 0.955008327960968
}