{
    "confidence_score": 0.977912425994873,
    "ptm": 0.9856295585632324,
    "iptm": 0.9853543043136597,
    "ligand_iptm": 0.9853543043136597,
    "protein_iptm": 0.0,
    "complex_plddt": 0.976051926612854,
    "complex_iplddt": 0.967186450958252,
    "complex_pde": 0.3012310862541199,
    "complex_ipde": 0.3751704692840576,
    "chains_ptm": {
        "0": 0.9857532978057861,
        "1": 0.9696497321128845,
        "2": 0.974673330783844
    },
    "pair_chains_iptm": {
        "0": {
            "0": 0.9857532978057861,
            "1": 0.8926265835762024,
            "2": 0.7841100096702576
        },
        "1": {
            "0": 0.9899287819862366,
            "1": 0.9696497321128845,
            "2": 0.8603981137275696
        },
        "2": {
            "0": 0.9830920100212097,
            "1": 0.9170007705688477,
            "2": 0.974673330783844
        }
    }
}