{
    "affinity_pred_value": 0.4038963317871094,
    "affinity_probability_binary": 0.2569938004016876,
    "affinity_pred_value1": 0.3454098701477051,
    "affinity_probability_binary1": 0.20287565886974335,
    "affinity_pred_value2": 0.4623827636241913,
    "affinity_probability_binary2": 0.3111119270324707
}