{
    "confidence_score": 0.9759403467178345,
    "ptm": 0.9843633770942688,
    "iptm": 0.9820085167884827,
    "ligand_iptm": 0.9820085167884827,
    "protein_iptm": 0.0,
    "complex_plddt": 0.9744232296943665,
    "complex_iplddt": 0.9631114602088928,
    "complex_pde": 0.31769996881484985,
    "complex_ipde": 0.41970792412757874,
    "chains_ptm": {
        "0": 0.9849808812141418,
        "1": 0.9714023470878601,
        "2": 0.9359859824180603
    },
    "pair_chains_iptm": {
        "0": {
            "0": 0.9849808812141418,
            "1": 0.8935965895652771,
            "2": 0.6861466765403748
        },
        "1": {
            "0": 0.9910728931427002,
            "1": 0.9714023470878601,
            "2": 0.7829273343086243
        },
        "2": {
            "0": 0.964091956615448,
            "1": 0.9309617280960083,
            "2": 0.9359859824180603
        }
    }
}