{
    "confidence_score": 0.968604564666748,
    "ptm": 0.986358642578125,
    "iptm": 0.9788807034492493,
    "ligand_iptm": 0.9788807034492493,
    "protein_iptm": 0.0,
    "complex_plddt": 0.9660354852676392,
    "complex_iplddt": 0.9409253597259521,
    "complex_pde": 0.31843915581703186,
    "complex_ipde": 0.4447862505912781,
    "chains_ptm": {
        "0": 0.9882901310920715,
        "1": 0.974989116191864,
        "2": 0.943465530872345
    },
    "pair_chains_iptm": {
        "0": {
            "0": 0.9882901310920715,
            "1": 0.9137584567070007,
            "2": 0.7278359532356262
        },
        "1": {
            "0": 0.9914336204528809,
            "1": 0.974989116191864,
            "2": 0.7853631973266602
        },
        "2": {
            "0": 0.9660766124725342,
            "1": 0.9059037566184998,
            "2": 0.943465530872345
        }
    }
}