{
    "affinity_pred_value": -0.8957697153091431,
    "affinity_probability_binary": 0.9081874489784241,
    "affinity_pred_value1": -1.2113748788833618,
    "affinity_probability_binary1": 0.9605925679206848,
    "affinity_pred_value2": -0.5801645517349243,
    "affinity_probability_binary2": 0.8557823300361633
}