{
    "confidence_score": 0.9729610681533813,
    "ptm": 0.986494779586792,
    "iptm": 0.9847452640533447,
    "ligand_iptm": 0.9847452640533447,
    "protein_iptm": 0.0,
    "complex_plddt": 0.9700149297714233,
    "complex_iplddt": 0.9532193541526794,
    "complex_pde": 0.2990642786026001,
    "complex_ipde": 0.3721505105495453,
    "chains_ptm": {
        "0": 0.9869819283485413,
        "1": 0.9715881943702698,
        "2": 0.8882700800895691
    },
    "pair_chains_iptm": {
        "0": {
            "0": 0.9869819283485413,
            "1": 0.9035696387290955,
            "2": 0.6350706815719604
        },
        "1": {
            "0": 0.9906731247901917,
            "1": 0.9715881943702698,
            "2": 0.7856093645095825
        },
        "2": {
            "0": 0.9796207547187805,
            "1": 0.9176653623580933,
            "2": 0.8882700800895691
        }
    }
}