{
    "confidence_score": 0.9656276106834412,
    "ptm": 0.9856389164924622,
    "iptm": 0.9839820265769958,
    "ligand_iptm": 0.9839820265769958,
    "protein_iptm": 0.0,
    "complex_plddt": 0.9610389471054077,
    "complex_iplddt": 0.9296759963035583,
    "complex_pde": 0.311535507440567,
    "complex_ipde": 0.40420857071876526,
    "chains_ptm": {
        "0": 0.9862831234931946,
        "1": 0.9728108048439026,
        "2": 0.9246565699577332
    },
    "pair_chains_iptm": {
        "0": {
            "0": 0.9862831234931946,
            "1": 0.9045116305351257,
            "2": 0.7745218276977539
        },
        "1": {
            "0": 0.9905034899711609,
            "1": 0.9728108048439026,
            "2": 0.8549733757972717
        },
        "2": {
            "0": 0.9777395129203796,
            "1": 0.9275596737861633,
            "2": 0.9246565699577332
        }
    }
}