{
    "affinity_pred_value": 0.9738476872444153,
    "affinity_probability_binary": 0.7261943221092224,
    "affinity_pred_value1": 0.4879966974258423,
    "affinity_probability_binary1": 0.917333722114563,
    "affinity_pred_value2": 1.4596986770629883,
    "affinity_probability_binary2": 0.5350549221038818
}