{
    "confidence_score": 0.9777998328208923,
    "ptm": 0.9876791834831238,
    "iptm": 0.9885007739067078,
    "ligand_iptm": 0.9885007739067078,
    "protein_iptm": 0.0,
    "complex_plddt": 0.9751245379447937,
    "complex_iplddt": 0.9642820954322815,
    "complex_pde": 0.290142685174942,
    "complex_ipde": 0.3479672372341156,
    "chains_ptm": {
        "0": 0.9875746965408325,
        "1": 0.9744269251823425,
        "2": 0.9553802609443665
    },
    "pair_chains_iptm": {
        "0": {
            "0": 0.9875746965408325,
            "1": 0.902841329574585,
            "2": 0.5545440912246704
        },
        "1": {
            "0": 0.9915244579315186,
            "1": 0.9744269251823425,
            "2": 0.648553192615509
        },
        "2": {
            "0": 0.9823238849639893,
            "1": 0.9411510229110718,
            "2": 0.9553802609443665
        }
    }
}