{
    "confidence_score": 0.9606513381004333,
    "ptm": 0.9853368997573853,
    "iptm": 0.9811448454856873,
    "ligand_iptm": 0.9811448454856873,
    "protein_iptm": 0.0,
    "complex_plddt": 0.9555279016494751,
    "complex_iplddt": 0.9140951633453369,
    "complex_pde": 0.3164670765399933,
    "complex_ipde": 0.41921567916870117,
    "chains_ptm": {
        "0": 0.986447274684906,
        "1": 0.9733554720878601,
        "2": 0.9543483853340149
    },
    "pair_chains_iptm": {
        "0": {
            "0": 0.986447274684906,
            "1": 0.9069835543632507,
            "2": 0.733196496963501
        },
        "1": {
            "0": 0.9902818202972412,
            "1": 0.9733554720878601,
            "2": 0.7956228852272034
        },
        "2": {
            "0": 0.9708302617073059,
            "1": 0.9186515212059021,
            "2": 0.9543483853340149
        }
    }
}