{
    "affinity_pred_value": -0.7616206407546997,
    "affinity_probability_binary": 0.6732957363128662,
    "affinity_pred_value1": -0.8847832083702087,
    "affinity_probability_binary1": 0.7192952036857605,
    "affinity_pred_value2": -0.6384581327438354,
    "affinity_probability_binary2": 0.6272963285446167
}