{
    "confidence_score": 0.9645921587944031,
    "ptm": 0.9803896546363831,
    "iptm": 0.9713833928108215,
    "ligand_iptm": 0.9713833928108215,
    "protein_iptm": 0.0,
    "complex_plddt": 0.9628943204879761,
    "complex_iplddt": 0.9369783401489258,
    "complex_pde": 0.3511334955692291,
    "complex_ipde": 0.527830183506012,
    "chains_ptm": {
        "0": 0.9828782081604004,
        "1": 0.9680237770080566,
        "2": 0.913920521736145
    },
    "pair_chains_iptm": {
        "0": {
            "0": 0.9828782081604004,
            "1": 0.8793710470199585,
            "2": 0.7346124649047852
        },
        "1": {
            "0": 0.9900047183036804,
            "1": 0.9680237770080566,
            "2": 0.767297625541687
        },
        "2": {
            "0": 0.9477499127388,
            "1": 0.8867419362068176,
            "2": 0.913920521736145
        }
    }
}