{
    "affinity_pred_value": 1.0931553840637207,
    "affinity_probability_binary": 0.7417442798614502,
    "affinity_pred_value1": 0.9803544282913208,
    "affinity_probability_binary1": 0.8140934705734253,
    "affinity_pred_value2": 1.2059563398361206,
    "affinity_probability_binary2": 0.6693951487541199
}