{
    "confidence_score": 0.9739763140678406,
    "ptm": 0.9871176481246948,
    "iptm": 0.9862024188041687,
    "ligand_iptm": 0.9862024188041687,
    "protein_iptm": 0.0,
    "complex_plddt": 0.9709197878837585,
    "complex_iplddt": 0.957406222820282,
    "complex_pde": 0.29971522092819214,
    "complex_ipde": 0.37000060081481934,
    "chains_ptm": {
        "0": 0.98734050989151,
        "1": 0.9735078811645508,
        "2": 0.9542897343635559
    },
    "pair_chains_iptm": {
        "0": {
            "0": 0.98734050989151,
            "1": 0.912570595741272,
            "2": 0.7297212481498718
        },
        "1": {
            "0": 0.9909573197364807,
            "1": 0.9735078811645508,
            "2": 0.7891891002655029
        },
        "2": {
            "0": 0.9825533032417297,
            "1": 0.9332565665245056,
            "2": 0.9542897343635559
        }
    }
}