{
    "affinity_pred_value": 0.3575997054576874,
    "affinity_probability_binary": 0.5164965391159058,
    "affinity_pred_value1": -0.01690591499209404,
    "affinity_probability_binary1": 0.5150564312934875,
    "affinity_pred_value2": 0.7321053147315979,
    "affinity_probability_binary2": 0.517936646938324
}