{
    "confidence_score": 0.9703003168106079,
    "ptm": 0.9877745509147644,
    "iptm": 0.9848686456680298,
    "ligand_iptm": 0.9848686456680298,
    "protein_iptm": 0.0,
    "complex_plddt": 0.9666582345962524,
    "complex_iplddt": 0.9465206861495972,
    "complex_pde": 0.3034542202949524,
    "complex_ipde": 0.3791664242744446,
    "chains_ptm": {
        "0": 0.98846435546875,
        "1": 0.97483229637146,
        "2": 0.9501523971557617
    },
    "pair_chains_iptm": {
        "0": {
            "0": 0.98846435546875,
            "1": 0.9099267721176147,
            "2": 0.7138729691505432
        },
        "1": {
            "0": 0.9914824366569519,
            "1": 0.97483229637146,
            "2": 0.7857714295387268
        },
        "2": {
            "0": 0.9772970080375671,
            "1": 0.9261670708656311,
            "2": 0.9501523971557617
        }
    }
}