{
    "affinity_pred_value": 1.0372124910354614,
    "affinity_probability_binary": 0.5026867389678955,
    "affinity_pred_value1": 0.9429536461830139,
    "affinity_probability_binary1": 0.5405248999595642,
    "affinity_pred_value2": 1.1314713954925537,
    "affinity_probability_binary2": 0.46484851837158203
}