{
    "confidence_score": 0.9498032927513123,
    "ptm": 0.982632040977478,
    "iptm": 0.9765594601631165,
    "ligand_iptm": 0.9765594601631165,
    "protein_iptm": 0.0,
    "complex_plddt": 0.943114161491394,
    "complex_iplddt": 0.8770860433578491,
    "complex_pde": 0.316618949174881,
    "complex_ipde": 0.43988487124443054,
    "chains_ptm": {
        "0": 0.984611988067627,
        "1": 0.9668304324150085,
        "2": 0.9173010587692261
    },
    "pair_chains_iptm": {
        "0": {
            "0": 0.984611988067627,
            "1": 0.8862679600715637,
            "2": 0.6506605744361877
        },
        "1": {
            "0": 0.9893712401390076,
            "1": 0.9668304324150085,
            "2": 0.7147372364997864
        },
        "2": {
            "0": 0.9631109833717346,
            "1": 0.8893744349479675,
            "2": 0.9173010587692261
        }
    }
}