{
    "affinity_pred_value": -1.5656368732452393,
    "affinity_probability_binary": 0.8884007334709167,
    "affinity_pred_value1": -1.6167198419570923,
    "affinity_probability_binary1": 0.9527614116668701,
    "affinity_pred_value2": -1.5145540237426758,
    "affinity_probability_binary2": 0.8240400552749634
}