{
    "confidence_score": 0.9527268409729004,
    "ptm": 0.9858706593513489,
    "iptm": 0.9759230017662048,
    "ligand_iptm": 0.9759230017662048,
    "protein_iptm": 0.0,
    "complex_plddt": 0.9469277858734131,
    "complex_iplddt": 0.8871089220046997,
    "complex_pde": 0.30767354369163513,
    "complex_ipde": 0.40550559759140015,
    "chains_ptm": {
        "0": 0.9884834885597229,
        "1": 0.9740224480628967,
        "2": 0.9372172951698303
    },
    "pair_chains_iptm": {
        "0": {
            "0": 0.9884834885597229,
            "1": 0.9121450781822205,
            "2": 0.8431792259216309
        },
        "1": {
            "0": 0.9910759925842285,
            "1": 0.9740224480628967,
            "2": 0.9039572477340698
        },
        "2": {
            "0": 0.9616780281066895,
            "1": 0.9004054069519043,
            "2": 0.9372172951698303
        }
    }
}