{
    "affinity_pred_value": -1.1683088541030884,
    "affinity_probability_binary": 0.7714712619781494,
    "affinity_pred_value1": -0.9028363823890686,
    "affinity_probability_binary1": 0.81072598695755,
    "affinity_pred_value2": -1.4337812662124634,
    "affinity_probability_binary2": 0.732216477394104
}