{
    "confidence_score": 0.9702645540237427,
    "ptm": 0.9844265580177307,
    "iptm": 0.9747814536094666,
    "ligand_iptm": 0.9747814536094666,
    "protein_iptm": 0.0,
    "complex_plddt": 0.9691353440284729,
    "complex_iplddt": 0.9416584372520447,
    "complex_pde": 0.3320244252681732,
    "complex_ipde": 0.4915580749511719,
    "chains_ptm": {
        "0": 0.986562967300415,
        "1": 0.9747476577758789,
        "2": 0.9639068245887756
    },
    "pair_chains_iptm": {
        "0": {
            "0": 0.986562967300415,
            "1": 0.9072902798652649,
            "2": 0.6326033473014832
        },
        "1": {
            "0": 0.9919453263282776,
            "1": 0.9747476577758789,
            "2": 0.7091374397277832
        },
        "2": {
            "0": 0.9469456672668457,
            "1": 0.8945437073707581,
            "2": 0.9639068245887756
        }
    }
}