{
    "confidence_score": 0.9753782153129578,
    "ptm": 0.983452558517456,
    "iptm": 0.9832807779312134,
    "ligand_iptm": 0.9832807779312134,
    "protein_iptm": 0.0,
    "complex_plddt": 0.9734026193618774,
    "complex_iplddt": 0.9582997560501099,
    "complex_pde": 0.3221704065799713,
    "complex_ipde": 0.42087283730506897,
    "chains_ptm": {
        "0": 0.9837233424186707,
        "1": 0.9706551432609558,
        "2": 0.961418628692627
    },
    "pair_chains_iptm": {
        "0": {
            "0": 0.9837233424186707,
            "1": 0.8990321159362793,
            "2": 0.762168824672699
        },
        "1": {
            "0": 0.9907076954841614,
            "1": 0.9706551432609558,
            "2": 0.8210123181343079
        },
        "2": {
            "0": 0.9728244543075562,
            "1": 0.9247210621833801,
            "2": 0.961418628692627
        }
    }
}