{
    "affinity_pred_value": -0.6702556610107422,
    "affinity_probability_binary": 0.7142232656478882,
    "affinity_pred_value1": -0.39586761593818665,
    "affinity_probability_binary1": 0.7410682439804077,
    "affinity_pred_value2": -0.9446437358856201,
    "affinity_probability_binary2": 0.6873782277107239
}