{
    "confidence_score": 0.9569555521011353,
    "ptm": 0.9877757430076599,
    "iptm": 0.9815980195999146,
    "ligand_iptm": 0.9815980195999146,
    "protein_iptm": 0.0,
    "complex_plddt": 0.9507948756217957,
    "complex_iplddt": 0.8977203965187073,
    "complex_pde": 0.3128572404384613,
    "complex_ipde": 0.42738306522369385,
    "chains_ptm": {
        "0": 0.9891247153282166,
        "1": 0.9765685200691223,
        "2": 0.9234676957130432
    },
    "pair_chains_iptm": {
        "0": {
            "0": 0.9891247153282166,
            "1": 0.9181221127510071,
            "2": 0.6682168245315552
        },
        "1": {
            "0": 0.9916688799858093,
            "1": 0.9765685200691223,
            "2": 0.7592733502388
        },
        "2": {
            "0": 0.963982105255127,
            "1": 0.9158007502555847,
            "2": 0.9234676957130432
        }
    }
}