{
    "affinity_pred_value": 0.3334398865699768,
    "affinity_probability_binary": 0.49459874629974365,
    "affinity_pred_value1": -0.01817592978477478,
    "affinity_probability_binary1": 0.4799148440361023,
    "affinity_pred_value2": 0.685055673122406,
    "affinity_probability_binary2": 0.509282648563385
}