{
    "confidence_score": 0.9706524014472961,
    "ptm": 0.986903190612793,
    "iptm": 0.9830245971679688,
    "ligand_iptm": 0.9830245971679688,
    "protein_iptm": 0.0,
    "complex_plddt": 0.967559278011322,
    "complex_iplddt": 0.94766765832901,
    "complex_pde": 0.30888134241104126,
    "complex_ipde": 0.39226067066192627,
    "chains_ptm": {
        "0": 0.9878398776054382,
        "1": 0.9741339683532715,
        "2": 0.9239752888679504
    },
    "pair_chains_iptm": {
        "0": {
            "0": 0.9878398776054382,
            "1": 0.9117929935455322,
            "2": 0.5690314769744873
        },
        "1": {
            "0": 0.9911305904388428,
            "1": 0.9741339683532715,
            "2": 0.6502771973609924
        },
        "2": {
            "0": 0.9724606275558472,
            "1": 0.9208968281745911,
            "2": 0.9239752888679504
        }
    }
}