{
    "affinity_pred_value": -0.6785107254981995,
    "affinity_probability_binary": 0.7267928123474121,
    "affinity_pred_value1": -0.06848165392875671,
    "affinity_probability_binary1": 0.7451461553573608,
    "affinity_pred_value2": -1.2885397672653198,
    "affinity_probability_binary2": 0.7084394693374634
}