{
    "confidence_score": 0.968100368976593,
    "ptm": 0.9819726943969727,
    "iptm": 0.9666926264762878,
    "ligand_iptm": 0.9666926264762878,
    "protein_iptm": 0.0,
    "complex_plddt": 0.9684523344039917,
    "complex_iplddt": 0.9330852031707764,
    "complex_pde": 0.35420718789100647,
    "complex_ipde": 0.5509266257286072,
    "chains_ptm": {
        "0": 0.9857166409492493,
        "1": 0.9736196994781494,
        "2": 0.9309642314910889
    },
    "pair_chains_iptm": {
        "0": {
            "0": 0.9857166409492493,
            "1": 0.9089739918708801,
            "2": 0.4877874255180359
        },
        "1": {
            "0": 0.9910559058189392,
            "1": 0.9736196994781494,
            "2": 0.5843831896781921
        },
        "2": {
            "0": 0.925516664981842,
            "1": 0.8656962513923645,
            "2": 0.9309642314910889
        }
    }
}