{
    "confidence_score": 0.9689186215400696,
    "ptm": 0.9842554926872253,
    "iptm": 0.9798071384429932,
    "ligand_iptm": 0.9798071384429932,
    "protein_iptm": 0.0,
    "complex_plddt": 0.9661965370178223,
    "complex_iplddt": 0.9444421529769897,
    "complex_pde": 0.3181901276111603,
    "complex_ipde": 0.4229722321033478,
    "chains_ptm": {
        "0": 0.9854133725166321,
        "1": 0.9736539721488953,
        "2": 0.9017062783241272
    },
    "pair_chains_iptm": {
        "0": {
            "0": 0.9854133725166321,
            "1": 0.9080638885498047,
            "2": 0.506790280342102
        },
        "1": {
            "0": 0.9914984107017517,
            "1": 0.9736539721488953,
            "2": 0.6476596593856812
        },
        "2": {
            "0": 0.9564622044563293,
            "1": 0.9094118475914001,
            "2": 0.9017062783241272
        }
    }
}