{
    "confidence_score": 0.9645258784294128,
    "ptm": 0.9859049916267395,
    "iptm": 0.9805290699005127,
    "ligand_iptm": 0.9805290699005127,
    "protein_iptm": 0.0,
    "complex_plddt": 0.9605250954627991,
    "complex_iplddt": 0.927596390247345,
    "complex_pde": 0.3095678389072418,
    "complex_ipde": 0.4057355523109436,
    "chains_ptm": {
        "0": 0.9872505068778992,
        "1": 0.9705368876457214,
        "2": 0.9482995271682739
    },
    "pair_chains_iptm": {
        "0": {
            "0": 0.9872505068778992,
            "1": 0.9048575758934021,
            "2": 0.6655986309051514
        },
        "1": {
            "0": 0.990336000919342,
            "1": 0.9705368876457214,
            "2": 0.7217158079147339
        },
        "2": {
            "0": 0.9690234065055847,
            "1": 0.9095982909202576,
            "2": 0.9482995271682739
        }
    }
}