{
    "affinity_pred_value": -0.8066767454147339,
    "affinity_probability_binary": 0.6419427394866943,
    "affinity_pred_value1": -0.7876530885696411,
    "affinity_probability_binary1": 0.7226515412330627,
    "affinity_pred_value2": -0.8257003426551819,
    "affinity_probability_binary2": 0.5612339377403259
}