{
    "confidence_score": 0.9613651633262634,
    "ptm": 0.9850217700004578,
    "iptm": 0.9779981374740601,
    "ligand_iptm": 0.9779981374740601,
    "protein_iptm": 0.0,
    "complex_plddt": 0.9572068452835083,
    "complex_iplddt": 0.9142710566520691,
    "complex_pde": 0.32657089829444885,
    "complex_ipde": 0.45754894614219666,
    "chains_ptm": {
        "0": 0.9866303205490112,
        "1": 0.9740834832191467,
        "2": 0.8798434734344482
    },
    "pair_chains_iptm": {
        "0": {
            "0": 0.9866303205490112,
            "1": 0.9088117480278015,
            "2": 0.5789117217063904
        },
        "1": {
            "0": 0.9910897612571716,
            "1": 0.9740834832191467,
            "2": 0.6791319251060486
        },
        "2": {
            "0": 0.9560844898223877,
            "1": 0.9067311882972717,
            "2": 0.8798434734344482
        }
    }
}