{
    "confidence_score": 0.9741320013999939,
    "ptm": 0.9842286705970764,
    "iptm": 0.9825350642204285,
    "ligand_iptm": 0.9825350642204285,
    "protein_iptm": 0.0,
    "complex_plddt": 0.9720311760902405,
    "complex_iplddt": 0.9565638303756714,
    "complex_pde": 0.32462599873542786,
    "complex_ipde": 0.43165838718414307,
    "chains_ptm": {
        "0": 0.9849140644073486,
        "1": 0.9738376140594482,
        "2": 0.956891655921936
    },
    "pair_chains_iptm": {
        "0": {
            "0": 0.9849140644073486,
            "1": 0.904476523399353,
            "2": 0.7452855110168457
        },
        "1": {
            "0": 0.991245448589325,
            "1": 0.9738376140594482,
            "2": 0.8327038884162903
        },
        "2": {
            "0": 0.969421923160553,
            "1": 0.9258727431297302,
            "2": 0.956891655921936
        }
    }
}