{
    "confidence_score": 0.9807024002075195,
    "ptm": 0.9857729077339172,
    "iptm": 0.9891001582145691,
    "ligand_iptm": 0.9891001582145691,
    "protein_iptm": 0.0,
    "complex_plddt": 0.9786030054092407,
    "complex_iplddt": 0.9740102887153625,
    "complex_pde": 0.2976461350917816,
    "complex_ipde": 0.34258654713630676,
    "chains_ptm": {
        "0": 0.9851880669593811,
        "1": 0.9708523750305176,
        "2": 0.9701250195503235
    },
    "pair_chains_iptm": {
        "0": {
            "0": 0.9851880669593811,
            "1": 0.8965790271759033,
            "2": 0.8354188203811646
        },
        "1": {
            "0": 0.990770161151886,
            "1": 0.9708523750305176,
            "2": 0.8994030356407166
        },
        "2": {
            "0": 0.9897198677062988,
            "1": 0.9501838088035583,
            "2": 0.9701250195503235
        }
    }
}