{
    "confidence_score": 0.9736122488975525,
    "ptm": 0.9851807951927185,
    "iptm": 0.9842719435691833,
    "ligand_iptm": 0.9842719435691833,
    "protein_iptm": 0.0,
    "complex_plddt": 0.970947265625,
    "complex_iplddt": 0.9555158019065857,
    "complex_pde": 0.31944790482521057,
    "complex_ipde": 0.41335344314575195,
    "chains_ptm": {
        "0": 0.9855154752731323,
        "1": 0.9721428751945496,
        "2": 0.9667238593101501
    },
    "pair_chains_iptm": {
        "0": {
            "0": 0.9855154752731323,
            "1": 0.9001992344856262,
            "2": 0.7833601236343384
        },
        "1": {
            "0": 0.9908348917961121,
            "1": 0.9721428751945496,
            "2": 0.8409021496772766
        },
        "2": {
            "0": 0.9753711819648743,
            "1": 0.9258649945259094,
            "2": 0.9667238593101501
        }
    }
}