{
    "confidence_score": 0.9603878855705261,
    "ptm": 0.9831851124763489,
    "iptm": 0.9792810082435608,
    "ligand_iptm": 0.9792810082435608,
    "protein_iptm": 0.0,
    "complex_plddt": 0.9556645750999451,
    "complex_iplddt": 0.9155281186103821,
    "complex_pde": 0.3263678252696991,
    "complex_ipde": 0.44462981820106506,
    "chains_ptm": {
        "0": 0.9844626188278198,
        "1": 0.9675435423851013,
        "2": 0.9345121383666992
    },
    "pair_chains_iptm": {
        "0": {
            "0": 0.9844626188278198,
            "1": 0.8884269595146179,
            "2": 0.7894479036331177
        },
        "1": {
            "0": 0.9894599318504333,
            "1": 0.9675435423851013,
            "2": 0.8347295522689819
        },
        "2": {
            "0": 0.9697539210319519,
            "1": 0.910247802734375,
            "2": 0.9345121383666992
        }
    }
}