{
    "confidence_score": 0.9717376828193665,
    "ptm": 0.9854099154472351,
    "iptm": 0.9842329621315002,
    "ligand_iptm": 0.9842329621315002,
    "protein_iptm": 0.0,
    "complex_plddt": 0.9686138033866882,
    "complex_iplddt": 0.9478899836540222,
    "complex_pde": 0.2985720634460449,
    "complex_ipde": 0.37232351303100586,
    "chains_ptm": {
        "0": 0.9858837127685547,
        "1": 0.9689984917640686,
        "2": 0.9301960468292236
    },
    "pair_chains_iptm": {
        "0": {
            "0": 0.9858837127685547,
            "1": 0.8922277688980103,
            "2": 0.7447139620780945
        },
        "1": {
            "0": 0.989750325679779,
            "1": 0.9689984917640686,
            "2": 0.8049010634422302
        },
        "2": {
            "0": 0.9826726317405701,
            "1": 0.916405975818634,
            "2": 0.9301960468292236
        }
    }
}