{
    "confidence_score": 0.9760376214981079,
    "ptm": 0.9850835204124451,
    "iptm": 0.9844786524772644,
    "ligand_iptm": 0.9844786524772644,
    "protein_iptm": 0.0,
    "complex_plddt": 0.9739273190498352,
    "complex_iplddt": 0.9637662172317505,
    "complex_pde": 0.3156698942184448,
    "complex_ipde": 0.40025457739830017,
    "chains_ptm": {
        "0": 0.9853706955909729,
        "1": 0.97176593542099,
        "2": 0.9494833946228027
    },
    "pair_chains_iptm": {
        "0": {
            "0": 0.9853706955909729,
            "1": 0.9068637490272522,
            "2": 0.6706969738006592
        },
        "1": {
            "0": 0.9910833835601807,
            "1": 0.97176593542099,
            "2": 0.7734054327011108
        },
        "2": {
            "0": 0.9765005707740784,
            "1": 0.9299823045730591,
            "2": 0.9494833946228027
        }
    }
}