{
    "affinity_pred_value": -1.4336676597595215,
    "affinity_probability_binary": 0.7580690383911133,
    "affinity_pred_value1": -1.9556103944778442,
    "affinity_probability_binary1": 0.8975604176521301,
    "affinity_pred_value2": -0.911724865436554,
    "affinity_probability_binary2": 0.6185777187347412
}