{
    "confidence_score": 0.9601117372512817,
    "ptm": 0.9813423752784729,
    "iptm": 0.9704591035842896,
    "ligand_iptm": 0.9704591035842896,
    "protein_iptm": 0.0,
    "complex_plddt": 0.9575248956680298,
    "complex_iplddt": 0.9222243428230286,
    "complex_pde": 0.3517683148384094,
    "complex_ipde": 0.5072226524353027,
    "chains_ptm": {
        "0": 0.9841322302818298,
        "1": 0.9714732766151428,
        "2": 0.9031363129615784
    },
    "pair_chains_iptm": {
        "0": {
            "0": 0.9841322302818298,
            "1": 0.9044181704521179,
            "2": 0.648744523525238
        },
        "1": {
            "0": 0.9902410507202148,
            "1": 0.9714732766151428,
            "2": 0.7484028935432434
        },
        "2": {
            "0": 0.9478784799575806,
            "1": 0.8956711888313293,
            "2": 0.9031363129615784
        }
    }
}