{
    "affinity_pred_value": 0.7601250410079956,
    "affinity_probability_binary": 0.8371504545211792,
    "affinity_pred_value1": 0.271115243434906,
    "affinity_probability_binary1": 0.9347527027130127,
    "affinity_pred_value2": 1.2491347789764404,
    "affinity_probability_binary2": 0.7395482063293457
}