{
    "confidence_score": 0.9686878323554993,
    "ptm": 0.980872631072998,
    "iptm": 0.9718282222747803,
    "ligand_iptm": 0.9718282222747803,
    "protein_iptm": 0.0,
    "complex_plddt": 0.967902660369873,
    "complex_iplddt": 0.9455337524414062,
    "complex_pde": 0.3473280072212219,
    "complex_ipde": 0.5154920816421509,
    "chains_ptm": {
        "0": 0.9829378724098206,
        "1": 0.9687275886535645,
        "2": 0.8880946636199951
    },
    "pair_chains_iptm": {
        "0": {
            "0": 0.9829378724098206,
            "1": 0.8868842720985413,
            "2": 0.5102660059928894
        },
        "1": {
            "0": 0.9899511337280273,
            "1": 0.9687275886535645,
            "2": 0.6385045647621155
        },
        "2": {
            "0": 0.9329861998558044,
            "1": 0.8700516223907471,
            "2": 0.8880946636199951
        }
    }
}