{
    "confidence_score": 0.9670881628990173,
    "ptm": 0.9871646761894226,
    "iptm": 0.9806850552558899,
    "ligand_iptm": 0.9806850552558899,
    "protein_iptm": 0.0,
    "complex_plddt": 0.963688850402832,
    "complex_iplddt": 0.935531735420227,
    "complex_pde": 0.30745193362236023,
    "complex_ipde": 0.39993464946746826,
    "chains_ptm": {
        "0": 0.9886665940284729,
        "1": 0.9762956500053406,
        "2": 0.9064269065856934
    },
    "pair_chains_iptm": {
        "0": {
            "0": 0.9886665940284729,
            "1": 0.9159239530563354,
            "2": 0.5508311986923218
        },
        "1": {
            "0": 0.991865336894989,
            "1": 0.9762956500053406,
            "2": 0.643974781036377
        },
        "2": {
            "0": 0.9605527520179749,
            "1": 0.9089758396148682,
            "2": 0.9064269065856934
        }
    }
}