{
    "affinity_pred_value": -0.6661267280578613,
    "affinity_probability_binary": 0.9250434637069702,
    "affinity_pred_value1": -0.035992760211229324,
    "affinity_probability_binary1": 0.9363979697227478,
    "affinity_pred_value2": -1.2962607145309448,
    "affinity_probability_binary2": 0.9136888980865479
}