{
    "confidence_score": 0.9732465147972107,
    "ptm": 0.9870102405548096,
    "iptm": 0.986162006855011,
    "ligand_iptm": 0.986162006855011,
    "protein_iptm": 0.0,
    "complex_plddt": 0.9700176119804382,
    "complex_iplddt": 0.9531187415122986,
    "complex_pde": 0.3039540648460388,
    "complex_ipde": 0.3808181881904602,
    "chains_ptm": {
        "0": 0.9872292876243591,
        "1": 0.9755850434303284,
        "2": 0.969639241695404
    },
    "pair_chains_iptm": {
        "0": {
            "0": 0.9872292876243591,
            "1": 0.9088791608810425,
            "2": 0.8150478601455688
        },
        "1": {
            "0": 0.9909059405326843,
            "1": 0.9755850434303284,
            "2": 0.8919512033462524
        },
        "2": {
            "0": 0.9810800552368164,
            "1": 0.9333028793334961,
            "2": 0.969639241695404
        }
    }
}