{
    "confidence_score": 0.9632957577705383,
    "ptm": 0.9861129522323608,
    "iptm": 0.9813704490661621,
    "ligand_iptm": 0.9813704490661621,
    "protein_iptm": 0.0,
    "complex_plddt": 0.9587770104408264,
    "complex_iplddt": 0.9210124611854553,
    "complex_pde": 0.31712809205055237,
    "complex_ipde": 0.43121418356895447,
    "chains_ptm": {
        "0": 0.98726487159729,
        "1": 0.9707983136177063,
        "2": 0.9530803561210632
    },
    "pair_chains_iptm": {
        "0": {
            "0": 0.98726487159729,
            "1": 0.9006586074829102,
            "2": 0.710156261920929
        },
        "1": {
            "0": 0.990541934967041,
            "1": 0.9707983136177063,
            "2": 0.7629050016403198
        },
        "2": {
            "0": 0.9671922326087952,
            "1": 0.910974383354187,
            "2": 0.9530803561210632
        }
    }
}