{
    "confidence_score": 0.9697239995002747,
    "ptm": 0.9825910329818726,
    "iptm": 0.9755181670188904,
    "ligand_iptm": 0.9755181670188904,
    "protein_iptm": 0.0,
    "complex_plddt": 0.9682754278182983,
    "complex_iplddt": 0.9454184174537659,
    "complex_pde": 0.33669841289520264,
    "complex_ipde": 0.4859258234500885,
    "chains_ptm": {
        "0": 0.9843368530273438,
        "1": 0.9666146636009216,
        "2": 0.9380602240562439
    },
    "pair_chains_iptm": {
        "0": {
            "0": 0.9843368530273438,
            "1": 0.8861060738563538,
            "2": 0.6177061796188354
        },
        "1": {
            "0": 0.9898314476013184,
            "1": 0.9666146636009216,
            "2": 0.693195104598999
        },
        "2": {
            "0": 0.9588659405708313,
            "1": 0.8968082666397095,
            "2": 0.9380602240562439
        }
    }
}