{
    "affinity_pred_value": 0.2888323664665222,
    "affinity_probability_binary": 0.8372803926467896,
    "affinity_pred_value1": -0.43264463543891907,
    "affinity_probability_binary1": 0.8908478021621704,
    "affinity_pred_value2": 1.0103093385696411,
    "affinity_probability_binary2": 0.7837130427360535
}