{
    "confidence_score": 0.9742410778999329,
    "ptm": 0.983647346496582,
    "iptm": 0.9850029945373535,
    "ligand_iptm": 0.9850029945373535,
    "protein_iptm": 0.0,
    "complex_plddt": 0.9715505838394165,
    "complex_iplddt": 0.9608435034751892,
    "complex_pde": 0.3179609179496765,
    "complex_ipde": 0.4027755558490753,
    "chains_ptm": {
        "0": 0.9835237860679626,
        "1": 0.9705960154533386,
        "2": 0.9576042890548706
    },
    "pair_chains_iptm": {
        "0": {
            "0": 0.9835237860679626,
            "1": 0.8942543864250183,
            "2": 0.7718021273612976
        },
        "1": {
            "0": 0.9907310605049133,
            "1": 0.9705960154533386,
            "2": 0.8453720808029175
        },
        "2": {
            "0": 0.9772812128067017,
            "1": 0.9310624003410339,
            "2": 0.9576042890548706
        }
    }
}