{
    "confidence_score": 0.9603905081748962,
    "ptm": 0.983855664730072,
    "iptm": 0.9806455373764038,
    "ligand_iptm": 0.9806455373764038,
    "protein_iptm": 0.0,
    "complex_plddt": 0.9553266763687134,
    "complex_iplddt": 0.9137817025184631,
    "complex_pde": 0.3195686638355255,
    "complex_ipde": 0.4282020628452301,
    "chains_ptm": {
        "0": 0.9849492311477661,
        "1": 0.9700537323951721,
        "2": 0.9174874424934387
    },
    "pair_chains_iptm": {
        "0": {
            "0": 0.9849492311477661,
            "1": 0.8863710761070251,
            "2": 0.7535085082054138
        },
        "1": {
            "0": 0.9896721839904785,
            "1": 0.9700537323951721,
            "2": 0.8389971852302551
        },
        "2": {
            "0": 0.9717076420783997,
            "1": 0.9128470420837402,
            "2": 0.9174874424934387
        }
    }
}