{
    "confidence_score": 0.9752869606018066,
    "ptm": 0.9872965216636658,
    "iptm": 0.9863685965538025,
    "ligand_iptm": 0.9863685965538025,
    "protein_iptm": 0.0,
    "complex_plddt": 0.9725165963172913,
    "complex_iplddt": 0.9623504281044006,
    "complex_pde": 0.29767242074012756,
    "complex_ipde": 0.3656477630138397,
    "chains_ptm": {
        "0": 0.9875678420066833,
        "1": 0.9758286476135254,
        "2": 0.9603517651557922
    },
    "pair_chains_iptm": {
        "0": {
            "0": 0.9875678420066833,
            "1": 0.9164276123046875,
            "2": 0.7241611480712891
        },
        "1": {
            "0": 0.9912914633750916,
            "1": 0.9758286476135254,
            "2": 0.7830115556716919
        },
        "2": {
            "0": 0.9826571941375732,
            "1": 0.9349820017814636,
            "2": 0.9603517651557922
        }
    }
}