{
    "affinity_pred_value": -0.8086248636245728,
    "affinity_probability_binary": 0.7479597330093384,
    "affinity_pred_value1": -1.434644103050232,
    "affinity_probability_binary1": 0.8992508053779602,
    "affinity_pred_value2": -0.18260566890239716,
    "affinity_probability_binary2": 0.5966686010360718
}