{
    "confidence_score": 0.9742564558982849,
    "ptm": 0.9871996641159058,
    "iptm": 0.984796941280365,
    "ligand_iptm": 0.984796941280365,
    "protein_iptm": 0.0,
    "complex_plddt": 0.9716213345527649,
    "complex_iplddt": 0.9565717577934265,
    "complex_pde": 0.2992488741874695,
    "complex_ipde": 0.3779200315475464,
    "chains_ptm": {
        "0": 0.9877481460571289,
        "1": 0.975297212600708,
        "2": 0.9287295937538147
    },
    "pair_chains_iptm": {
        "0": {
            "0": 0.9877481460571289,
            "1": 0.9154029488563538,
            "2": 0.6937705874443054
        },
        "1": {
            "0": 0.9915554523468018,
            "1": 0.975297212600708,
            "2": 0.7568044662475586
        },
        "2": {
            "0": 0.9747319221496582,
            "1": 0.9277416467666626,
            "2": 0.9287295937538147
        }
    }
}