{
    "confidence_score": 0.9538673758506775,
    "ptm": 0.9786285758018494,
    "iptm": 0.9685850143432617,
    "ligand_iptm": 0.9685850143432617,
    "protein_iptm": 0.0,
    "complex_plddt": 0.9501879811286926,
    "complex_iplddt": 0.8885163068771362,
    "complex_pde": 0.3574571907520294,
    "complex_ipde": 0.5383371114730835,
    "chains_ptm": {
        "0": 0.981440007686615,
        "1": 0.9657616019248962,
        "2": 0.8756932616233826
    },
    "pair_chains_iptm": {
        "0": {
            "0": 0.981440007686615,
            "1": 0.8795382380485535,
            "2": 0.5595040917396545
        },
        "1": {
            "0": 0.9898121356964111,
            "1": 0.9657616019248962,
            "2": 0.6622207760810852
        },
        "2": {
            "0": 0.9332555532455444,
            "1": 0.8702896237373352,
            "2": 0.8756932616233826
        }
    }
}