{
    "confidence_score": 0.972947895526886,
    "ptm": 0.9811224341392517,
    "iptm": 0.9758242964744568,
    "ligand_iptm": 0.9758242964744568,
    "protein_iptm": 0.0,
    "complex_plddt": 0.9722288250923157,
    "complex_iplddt": 0.9589014649391174,
    "complex_pde": 0.3431795537471771,
    "complex_ipde": 0.4937095642089844,
    "chains_ptm": {
        "0": 0.9822900295257568,
        "1": 0.9647055268287659,
        "2": 0.9152110815048218
    },
    "pair_chains_iptm": {
        "0": {
            "0": 0.9822900295257568,
            "1": 0.8742724061012268,
            "2": 0.5809769630432129
        },
        "1": {
            "0": 0.9898119568824768,
            "1": 0.9647055268287659,
            "2": 0.7026874423027039
        },
        "2": {
            "0": 0.945557177066803,
            "1": 0.8989580273628235,
            "2": 0.9152110815048218
        }
    }
}