{
    "affinity_pred_value": -0.6919560432434082,
    "affinity_probability_binary": 0.7138445377349854,
    "affinity_pred_value1": -1.0714068412780762,
    "affinity_probability_binary1": 0.8359078764915466,
    "affinity_pred_value2": -0.3125052750110626,
    "affinity_probability_binary2": 0.5917811989784241
}