{
    "confidence_score": 0.9778396487236023,
    "ptm": 0.9892260432243347,
    "iptm": 0.9882697463035583,
    "ligand_iptm": 0.9882697463035583,
    "protein_iptm": 0.0,
    "complex_plddt": 0.9752321839332581,
    "complex_iplddt": 0.9663010835647583,
    "complex_pde": 0.29497528076171875,
    "complex_ipde": 0.3514431118965149,
    "chains_ptm": {
        "0": 0.9894407987594604,
        "1": 0.9784755706787109,
        "2": 0.9358157515525818
    },
    "pair_chains_iptm": {
        "0": {
            "0": 0.9894407987594604,
            "1": 0.9249637722969055,
            "2": 0.7141366600990295
        },
        "1": {
            "0": 0.9923055768013,
            "1": 0.9784755706787109,
            "2": 0.82771235704422
        },
        "2": {
            "0": 0.9839878082275391,
            "1": 0.9462748765945435,
            "2": 0.9358157515525818
        }
    }
}