{
    "confidence_score": 0.976421058177948,
    "ptm": 0.9833471775054932,
    "iptm": 0.9854439496994019,
    "ligand_iptm": 0.9854439496994019,
    "protein_iptm": 0.0,
    "complex_plddt": 0.9741653800010681,
    "complex_iplddt": 0.9685627222061157,
    "complex_pde": 0.31046250462532043,
    "complex_ipde": 0.3796218931674957,
    "chains_ptm": {
        "0": 0.9830220937728882,
        "1": 0.9684875011444092,
        "2": 0.957732617855072
    },
    "pair_chains_iptm": {
        "0": {
            "0": 0.9830220937728882,
            "1": 0.8855310082435608,
            "2": 0.7208390235900879
        },
        "1": {
            "0": 0.9905121326446533,
            "1": 0.9684875011444092,
            "2": 0.8235661387443542
        },
        "2": {
            "0": 0.977790117263794,
            "1": 0.9332094788551331,
            "2": 0.957732617855072
        }
    }
}