{
    "affinity_pred_value": -0.3846106231212616,
    "affinity_probability_binary": 0.7003541588783264,
    "affinity_pred_value1": -0.7816950082778931,
    "affinity_probability_binary1": 0.8165706992149353,
    "affinity_pred_value2": 0.012473784387111664,
    "affinity_probability_binary2": 0.5841376185417175
}