{
    "confidence_score": 0.9668278098106384,
    "ptm": 0.9865273833274841,
    "iptm": 0.9805777668952942,
    "ligand_iptm": 0.9805777668952942,
    "protein_iptm": 0.0,
    "complex_plddt": 0.9633902311325073,
    "complex_iplddt": 0.9312191605567932,
    "complex_pde": 0.3121652901172638,
    "complex_ipde": 0.41372328996658325,
    "chains_ptm": {
        "0": 0.9879376292228699,
        "1": 0.9734686017036438,
        "2": 0.9485388994216919
    },
    "pair_chains_iptm": {
        "0": {
            "0": 0.9879376292228699,
            "1": 0.9042554497718811,
            "2": 0.7337886095046997
        },
        "1": {
            "0": 0.9906564354896545,
            "1": 0.9734686017036438,
            "2": 0.820406973361969
        },
        "2": {
            "0": 0.9686968326568604,
            "1": 0.9065458178520203,
            "2": 0.9485388994216919
        }
    }
}