{
    "confidence_score": 0.9681652188301086,
    "ptm": 0.9859129190444946,
    "iptm": 0.9831704497337341,
    "ligand_iptm": 0.9831704497337341,
    "protein_iptm": 0.0,
    "complex_plddt": 0.9644139409065247,
    "complex_iplddt": 0.9447605013847351,
    "complex_pde": 0.3035068213939667,
    "complex_ipde": 0.38520535826683044,
    "chains_ptm": {
        "0": 0.9866586923599243,
        "1": 0.9707732796669006,
        "2": 0.940920352935791
    },
    "pair_chains_iptm": {
        "0": {
            "0": 0.9866586923599243,
            "1": 0.8958885073661804,
            "2": 0.7580572962760925
        },
        "1": {
            "0": 0.9905852675437927,
            "1": 0.9707732796669006,
            "2": 0.8378049731254578
        },
        "2": {
            "0": 0.9750972986221313,
            "1": 0.9193336963653564,
            "2": 0.940920352935791
        }
    }
}