{
    "affinity_pred_value": -0.7765345573425293,
    "affinity_probability_binary": 0.6632821559906006,
    "affinity_pred_value1": -1.2149536609649658,
    "affinity_probability_binary1": 0.5866228938102722,
    "affinity_pred_value2": -0.338115394115448,
    "affinity_probability_binary2": 0.7399414777755737
}