{
    "confidence_score": 0.9659091234207153,
    "ptm": 0.9848813414573669,
    "iptm": 0.9761990904808044,
    "ligand_iptm": 0.9761990904808044,
    "protein_iptm": 0.0,
    "complex_plddt": 0.9633366465568542,
    "complex_iplddt": 0.9343562722206116,
    "complex_pde": 0.31901970505714417,
    "complex_ipde": 0.4311216473579407,
    "chains_ptm": {
        "0": 0.9869672656059265,
        "1": 0.9728290438652039,
        "2": 0.937231719493866
    },
    "pair_chains_iptm": {
        "0": {
            "0": 0.9869672656059265,
            "1": 0.9003006219863892,
            "2": 0.8040659427642822
        },
        "1": {
            "0": 0.9903964400291443,
            "1": 0.9728290438652039,
            "2": 0.8855621814727783
        },
        "2": {
            "0": 0.9525979161262512,
            "1": 0.8986985683441162,
            "2": 0.937231719493866
        }
    }
}