{
    "confidence_score": 0.9703441858291626,
    "ptm": 0.9880505204200745,
    "iptm": 0.982342004776001,
    "ligand_iptm": 0.982342004776001,
    "protein_iptm": 0.0,
    "complex_plddt": 0.9673447608947754,
    "complex_iplddt": 0.9409552812576294,
    "complex_pde": 0.3061606287956238,
    "complex_ipde": 0.4012080729007721,
    "chains_ptm": {
        "0": 0.9893948435783386,
        "1": 0.9751930832862854,
        "2": 0.9471054077148438
    },
    "pair_chains_iptm": {
        "0": {
            "0": 0.9893948435783386,
            "1": 0.9168288707733154,
            "2": 0.7359724640846252
        },
        "1": {
            "0": 0.9914505481719971,
            "1": 0.9751930832862854,
            "2": 0.7852498292922974
        },
        "2": {
            "0": 0.9725763201713562,
            "1": 0.9172593355178833,
            "2": 0.9471054077148438
        }
    }
}