{
    "confidence_score": 0.9580057263374329,
    "ptm": 0.981309175491333,
    "iptm": 0.9661000967025757,
    "ligand_iptm": 0.9661000967025757,
    "protein_iptm": 0.0,
    "complex_plddt": 0.9559820890426636,
    "complex_iplddt": 0.910946249961853,
    "complex_pde": 0.3532203733921051,
    "complex_ipde": 0.5675750374794006,
    "chains_ptm": {
        "0": 0.9849062561988831,
        "1": 0.9697439670562744,
        "2": 0.8974511623382568
    },
    "pair_chains_iptm": {
        "0": {
            "0": 0.9849062561988831,
            "1": 0.8916932940483093,
            "2": 0.5333670377731323
        },
        "1": {
            "0": 0.9901082515716553,
            "1": 0.9697439670562744,
            "2": 0.6434580683708191
        },
        "2": {
            "0": 0.9268447160720825,
            "1": 0.8661812543869019,
            "2": 0.8974511623382568
        }
    }
}