{
    "affinity_pred_value": -0.8803775310516357,
    "affinity_probability_binary": 0.6811100244522095,
    "affinity_pred_value1": -1.190232276916504,
    "affinity_probability_binary1": 0.8163701891899109,
    "affinity_pred_value2": -0.5705227851867676,
    "affinity_probability_binary2": 0.5458498597145081
}