{
    "confidence_score": 0.9623328447341919,
    "ptm": 0.9798396825790405,
    "iptm": 0.966364324092865,
    "ligand_iptm": 0.966364324092865,
    "protein_iptm": 0.0,
    "complex_plddt": 0.96132493019104,
    "complex_iplddt": 0.9320046901702881,
    "complex_pde": 0.3757305443286896,
    "complex_ipde": 0.5926173329353333,
    "chains_ptm": {
        "0": 0.9834571480751038,
        "1": 0.971799373626709,
        "2": 0.9266051650047302
    },
    "pair_chains_iptm": {
        "0": {
            "0": 0.9834571480751038,
            "1": 0.8976048231124878,
            "2": 0.6223167777061462
        },
        "1": {
            "0": 0.9898640513420105,
            "1": 0.971799373626709,
            "2": 0.7139544486999512
        },
        "2": {
            "0": 0.9371760487556458,
            "1": 0.8747469186782837,
            "2": 0.9266051650047302
        }
    }
}