{
    "confidence_score": 0.968899667263031,
    "ptm": 0.9858962893486023,
    "iptm": 0.9837571382522583,
    "ligand_iptm": 0.9837571382522583,
    "protein_iptm": 0.0,
    "complex_plddt": 0.9651852250099182,
    "complex_iplddt": 0.9431523680686951,
    "complex_pde": 0.3095393180847168,
    "complex_ipde": 0.39802879095077515,
    "chains_ptm": {
        "0": 0.9865210652351379,
        "1": 0.9725508093833923,
        "2": 0.9407296180725098
    },
    "pair_chains_iptm": {
        "0": {
            "0": 0.9865210652351379,
            "1": 0.9068723320960999,
            "2": 0.6259906888008118
        },
        "1": {
            "0": 0.9903216361999512,
            "1": 0.9725508093833923,
            "2": 0.6977521777153015
        },
        "2": {
            "0": 0.9759655594825745,
            "1": 0.9228668212890625,
            "2": 0.9407296180725098
        }
    }
}