{
    "confidence_score": 0.9812208414077759,
    "ptm": 0.9854052662849426,
    "iptm": 0.9859667420387268,
    "ligand_iptm": 0.9859667420387268,
    "protein_iptm": 0.0,
    "complex_plddt": 0.9800342917442322,
    "complex_iplddt": 0.975124716758728,
    "complex_pde": 0.31009119749069214,
    "complex_ipde": 0.38678279519081116,
    "chains_ptm": {
        "0": 0.9854106903076172,
        "1": 0.9731094241142273,
        "2": 0.9656615257263184
    },
    "pair_chains_iptm": {
        "0": {
            "0": 0.9854106903076172,
            "1": 0.9095646142959595,
            "2": 0.7944581508636475
        },
        "1": {
            "0": 0.9915521740913391,
            "1": 0.9731094241142273,
            "2": 0.8505703806877136
        },
        "2": {
            "0": 0.9792741537094116,
            "1": 0.9374388456344604,
            "2": 0.9656615257263184
        }
    }
}