{
    "confidence_score": 0.9639137387275696,
    "ptm": 0.986181914806366,
    "iptm": 0.974441647529602,
    "ligand_iptm": 0.974441647529602,
    "protein_iptm": 0.0,
    "complex_plddt": 0.9612817168235779,
    "complex_iplddt": 0.9262969493865967,
    "complex_pde": 0.3372708857059479,
    "complex_ipde": 0.5062322616577148,
    "chains_ptm": {
        "0": 0.9889085292816162,
        "1": 0.976641833782196,
        "2": 0.9081204533576965
    },
    "pair_chains_iptm": {
        "0": {
            "0": 0.9889085292816162,
            "1": 0.9177777171134949,
            "2": 0.4976060092449188
        },
        "1": {
            "0": 0.9920998215675354,
            "1": 0.976641833782196,
            "2": 0.6238389015197754
        },
        "2": {
            "0": 0.9364014267921448,
            "1": 0.890808641910553,
            "2": 0.9081204533576965
        }
    }
}