{
    "confidence_score": 0.9802364706993103,
    "ptm": 0.9846219420433044,
    "iptm": 0.9815089106559753,
    "ligand_iptm": 0.9815089106559753,
    "protein_iptm": 0.0,
    "complex_plddt": 0.979918360710144,
    "complex_iplddt": 0.9738504886627197,
    "complex_pde": 0.3280315101146698,
    "complex_ipde": 0.4449927508831024,
    "chains_ptm": {
        "0": 0.9855424165725708,
        "1": 0.9756973385810852,
        "2": 0.9570770859718323
    },
    "pair_chains_iptm": {
        "0": {
            "0": 0.9855424165725708,
            "1": 0.9120108485221863,
            "2": 0.7431879639625549
        },
        "1": {
            "0": 0.9915431141853333,
            "1": 0.9756973385810852,
            "2": 0.8399554491043091
        },
        "2": {
            "0": 0.9663353562355042,
            "1": 0.9250577092170715,
            "2": 0.9570770859718323
        }
    }
}