{
    "confidence_score": 0.9641949534416199,
    "ptm": 0.985913097858429,
    "iptm": 0.9825438261032104,
    "ligand_iptm": 0.9825438261032104,
    "protein_iptm": 0.0,
    "complex_plddt": 0.9596077799797058,
    "complex_iplddt": 0.9332734942436218,
    "complex_pde": 0.30271318554878235,
    "complex_ipde": 0.3867556154727936,
    "chains_ptm": {
        "0": 0.9868215918540955,
        "1": 0.9732134938240051,
        "2": 0.9458470940589905
    },
    "pair_chains_iptm": {
        "0": {
            "0": 0.9868215918540955,
            "1": 0.9065893888473511,
            "2": 0.7947556376457214
        },
        "1": {
            "0": 0.9908314347267151,
            "1": 0.9732134938240051,
            "2": 0.8346570134162903
        },
        "2": {
            "0": 0.9746848344802856,
            "1": 0.9220336079597473,
            "2": 0.9458470940589905
        }
    }
}