{
    "confidence_score": 0.9704437255859375,
    "ptm": 0.9867374897003174,
    "iptm": 0.9802744388580322,
    "ligand_iptm": 0.9802744388580322,
    "protein_iptm": 0.0,
    "complex_plddt": 0.9679860472679138,
    "complex_iplddt": 0.9462293386459351,
    "complex_pde": 0.31316617131233215,
    "complex_ipde": 0.4226296842098236,
    "chains_ptm": {
        "0": 0.9883826375007629,
        "1": 0.9743615984916687,
        "2": 0.9493521451950073
    },
    "pair_chains_iptm": {
        "0": {
            "0": 0.9883826375007629,
            "1": 0.9113379120826721,
            "2": 0.7539238929748535
        },
        "1": {
            "0": 0.9910731911659241,
            "1": 0.9743615984916687,
            "2": 0.8062735199928284
        },
        "2": {
            "0": 0.9679162502288818,
            "1": 0.908276379108429,
            "2": 0.9493521451950073
        }
    }
}