{
    "confidence_score": 0.9816169142723083,
    "ptm": 0.985052764415741,
    "iptm": 0.9854735136032104,
    "ligand_iptm": 0.9854735136032104,
    "protein_iptm": 0.0,
    "complex_plddt": 0.9806526899337769,
    "complex_iplddt": 0.9766974449157715,
    "complex_pde": 0.31440210342407227,
    "complex_ipde": 0.39920035004615784,
    "chains_ptm": {
        "0": 0.9851469993591309,
        "1": 0.9753649830818176,
        "2": 0.9664113521575928
    },
    "pair_chains_iptm": {
        "0": {
            "0": 0.9851469993591309,
            "1": 0.9087743759155273,
            "2": 0.8013401031494141
        },
        "1": {
            "0": 0.9913018345832825,
            "1": 0.9753649830818176,
            "2": 0.851374089717865
        },
        "2": {
            "0": 0.9786525964736938,
            "1": 0.9363078474998474,
            "2": 0.9664113521575928
        }
    }
}