{
    "confidence_score": 0.938214123249054,
    "ptm": 0.9779148101806641,
    "iptm": 0.9554986357688904,
    "ligand_iptm": 0.9554986357688904,
    "protein_iptm": 0.0,
    "complex_plddt": 0.9338929653167725,
    "complex_iplddt": 0.8556801080703735,
    "complex_pde": 0.4024515151977539,
    "complex_ipde": 0.6742646098136902,
    "chains_ptm": {
        "0": 0.9845462441444397,
        "1": 0.9711729884147644,
        "2": 0.857532799243927
    },
    "pair_chains_iptm": {
        "0": {
            "0": 0.9845462441444397,
            "1": 0.8979613780975342,
            "2": 0.565764844417572
        },
        "1": {
            "0": 0.9907100796699524,
            "1": 0.9711729884147644,
            "2": 0.6907522678375244
        },
        "2": {
            "0": 0.916864275932312,
            "1": 0.8514450192451477,
            "2": 0.857532799243927
        }
    }
}