{
    "affinity_pred_value": -0.6758487820625305,
    "affinity_probability_binary": 0.6504373550415039,
    "affinity_pred_value1": -0.8862605094909668,
    "affinity_probability_binary1": 0.8188241720199585,
    "affinity_pred_value2": -0.46543705463409424,
    "affinity_probability_binary2": 0.4820505380630493
}