{
    "confidence_score": 0.9584752917289734,
    "ptm": 0.9843755960464478,
    "iptm": 0.9725613594055176,
    "ligand_iptm": 0.9725613594055176,
    "protein_iptm": 0.0,
    "complex_plddt": 0.9549537301063538,
    "complex_iplddt": 0.9079740643501282,
    "complex_pde": 0.3248274028301239,
    "complex_ipde": 0.46646443009376526,
    "chains_ptm": {
        "0": 0.9873666167259216,
        "1": 0.9724268913269043,
        "2": 0.9233070015907288
    },
    "pair_chains_iptm": {
        "0": {
            "0": 0.9873666167259216,
            "1": 0.9001808762550354,
            "2": 0.6362252831459045
        },
        "1": {
            "0": 0.990327775478363,
            "1": 0.9724268913269043,
            "2": 0.714486837387085
        },
        "2": {
            "0": 0.9537326097488403,
            "1": 0.8877121806144714,
            "2": 0.9233070015907288
        }
    }
}