{
    "confidence_score": 0.9573278427124023,
    "ptm": 0.9810564517974854,
    "iptm": 0.9649288654327393,
    "ligand_iptm": 0.9649288654327393,
    "protein_iptm": 0.0,
    "complex_plddt": 0.9554275870323181,
    "complex_iplddt": 0.9076003432273865,
    "complex_pde": 0.35786840319633484,
    "complex_ipde": 0.573169469833374,
    "chains_ptm": {
        "0": 0.9849863052368164,
        "1": 0.9720181822776794,
        "2": 0.9309545755386353
    },
    "pair_chains_iptm": {
        "0": {
            "0": 0.9849863052368164,
            "1": 0.9021958112716675,
            "2": 0.5265831351280212
        },
        "1": {
            "0": 0.9908323287963867,
            "1": 0.9720181822776794,
            "2": 0.6048775315284729
        },
        "2": {
            "0": 0.9280427694320679,
            "1": 0.869718611240387,
            "2": 0.9309545755386353
        }
    }
}