{
    "confidence_score": 0.9433245658874512,
    "ptm": 0.9832281470298767,
    "iptm": 0.972974956035614,
    "ligand_iptm": 0.972974956035614,
    "protein_iptm": 0.0,
    "complex_plddt": 0.935912013053894,
    "complex_iplddt": 0.8657530546188354,
    "complex_pde": 0.32595667243003845,
    "complex_ipde": 0.48768848180770874,
    "chains_ptm": {
        "0": 0.9861612319946289,
        "1": 0.9704099297523499,
        "2": 0.9428832530975342
    },
    "pair_chains_iptm": {
        "0": {
            "0": 0.9861612319946289,
            "1": 0.8964874744415283,
            "2": 0.6634324193000793
        },
        "1": {
            "0": 0.9901224970817566,
            "1": 0.9704099297523499,
            "2": 0.7356567978858948
        },
        "2": {
            "0": 0.953130304813385,
            "1": 0.8855287432670593,
            "2": 0.9428832530975342
        }
    }
}