{
    "affinity_pred_value": -0.8951669335365295,
    "affinity_probability_binary": 0.7645058631896973,
    "affinity_pred_value1": -1.2240726947784424,
    "affinity_probability_binary1": 0.9028623700141907,
    "affinity_pred_value2": -0.5662611722946167,
    "affinity_probability_binary2": 0.6261494159698486
}