{
    "confidence_score": 0.9729305505752563,
    "ptm": 0.9858624339103699,
    "iptm": 0.983780026435852,
    "ligand_iptm": 0.983780026435852,
    "protein_iptm": 0.0,
    "complex_plddt": 0.9702181220054626,
    "complex_iplddt": 0.95630943775177,
    "complex_pde": 0.31435132026672363,
    "complex_ipde": 0.39365410804748535,
    "chains_ptm": {
        "0": 0.9865174293518066,
        "1": 0.9734870791435242,
        "2": 0.9580873250961304
    },
    "pair_chains_iptm": {
        "0": {
            "0": 0.9865174293518066,
            "1": 0.9144550561904907,
            "2": 0.8156899809837341
        },
        "1": {
            "0": 0.9913818836212158,
            "1": 0.9734870791435242,
            "2": 0.8922808170318604
        },
        "2": {
            "0": 0.9737865924835205,
            "1": 0.9373534917831421,
            "2": 0.9580873250961304
        }
    }
}