{
    "affinity_pred_value": -1.1022413969039917,
    "affinity_probability_binary": 0.7061887383460999,
    "affinity_pred_value1": -0.9941923022270203,
    "affinity_probability_binary1": 0.8141653537750244,
    "affinity_pred_value2": -1.2102904319763184,
    "affinity_probability_binary2": 0.5982121229171753
}