{
    "confidence_score": 0.9640952944755554,
    "ptm": 0.9838046431541443,
    "iptm": 0.9752693772315979,
    "ligand_iptm": 0.9752693772315979,
    "protein_iptm": 0.0,
    "complex_plddt": 0.9613018035888672,
    "complex_iplddt": 0.9373985528945923,
    "complex_pde": 0.3502845764160156,
    "complex_ipde": 0.5256291031837463,
    "chains_ptm": {
        "0": 0.9859225153923035,
        "1": 0.9777447581291199,
        "2": 0.9228167533874512
    },
    "pair_chains_iptm": {
        "0": {
            "0": 0.9859225153923035,
            "1": 0.9172770977020264,
            "2": 0.5866850018501282
        },
        "1": {
            "0": 0.9919988512992859,
            "1": 0.9777447581291199,
            "2": 0.6910903453826904
        },
        "2": {
            "0": 0.9469134211540222,
            "1": 0.8986021280288696,
            "2": 0.9228167533874512
        }
    }
}