{
    "confidence_score": 0.9737116098403931,
    "ptm": 0.9848945736885071,
    "iptm": 0.9865131974220276,
    "ligand_iptm": 0.9865131974220276,
    "protein_iptm": 0.0,
    "complex_plddt": 0.9705111980438232,
    "complex_iplddt": 0.9606747627258301,
    "complex_pde": 0.3010272979736328,
    "complex_ipde": 0.36250928044319153,
    "chains_ptm": {
        "0": 0.9846870303153992,
        "1": 0.9686813354492188,
        "2": 0.9282848238945007
    },
    "pair_chains_iptm": {
        "0": {
            "0": 0.9846870303153992,
            "1": 0.8967671394348145,
            "2": 0.6845605373382568
        },
        "1": {
            "0": 0.9912309050559998,
            "1": 0.9686813354492188,
            "2": 0.7863095998764038
        },
        "2": {
            "0": 0.980732262134552,
            "1": 0.9336674809455872,
            "2": 0.9282848238945007
        }
    }
}