{
    "confidence_score": 0.9601666331291199,
    "ptm": 0.9871002435684204,
    "iptm": 0.9835768938064575,
    "ligand_iptm": 0.9835768938064575,
    "protein_iptm": 0.0,
    "complex_plddt": 0.954314112663269,
    "complex_iplddt": 0.9145132303237915,
    "complex_pde": 0.3078213334083557,
    "complex_ipde": 0.394197016954422,
    "chains_ptm": {
        "0": 0.9879840016365051,
        "1": 0.9752569794654846,
        "2": 0.9434165358543396
    },
    "pair_chains_iptm": {
        "0": {
            "0": 0.9879840016365051,
            "1": 0.912929117679596,
            "2": 0.6901938319206238
        },
        "1": {
            "0": 0.9909327626228333,
            "1": 0.9752569794654846,
            "2": 0.7521445751190186
        },
        "2": {
            "0": 0.976965069770813,
            "1": 0.92631995677948,
            "2": 0.9434165358543396
        }
    }
}