{
    "confidence_score": 0.9776772856712341,
    "ptm": 0.9855188727378845,
    "iptm": 0.9809045195579529,
    "ligand_iptm": 0.9809045195579529,
    "protein_iptm": 0.0,
    "complex_plddt": 0.9768704771995544,
    "complex_iplddt": 0.9634856581687927,
    "complex_pde": 0.30866539478302,
    "complex_ipde": 0.4053170680999756,
    "chains_ptm": {
        "0": 0.9867994785308838,
        "1": 0.9723191857337952,
        "2": 0.928795337677002
    },
    "pair_chains_iptm": {
        "0": {
            "0": 0.9867994785308838,
            "1": 0.9056809544563293,
            "2": 0.7298898696899414
        },
        "1": {
            "0": 0.9911267757415771,
            "1": 0.9723191857337952,
            "2": 0.8215710520744324
        },
        "2": {
            "0": 0.9684324860572815,
            "1": 0.9163697361946106,
            "2": 0.928795337677002
        }
    }
}