{
    "confidence_score": 0.9582118988037109,
    "ptm": 0.9815862774848938,
    "iptm": 0.9698665142059326,
    "ligand_iptm": 0.9698665142059326,
    "protein_iptm": 0.0,
    "complex_plddt": 0.9552983045578003,
    "complex_iplddt": 0.908869743347168,
    "complex_pde": 0.35294821858406067,
    "complex_ipde": 0.5372235178947449,
    "chains_ptm": {
        "0": 0.98471599817276,
        "1": 0.9716408252716064,
        "2": 0.8499162197113037
    },
    "pair_chains_iptm": {
        "0": {
            "0": 0.98471599817276,
            "1": 0.8998258709907532,
            "2": 0.4955204427242279
        },
        "1": {
            "0": 0.9908996224403381,
            "1": 0.9716408252716064,
            "2": 0.5950657725334167
        },
        "2": {
            "0": 0.9363095760345459,
            "1": 0.8693065643310547,
            "2": 0.8499162197113037
        }
    }
}