{
    "affinity_pred_value": -1.2406188249588013,
    "affinity_probability_binary": 0.8069494962692261,
    "affinity_pred_value1": -1.7762969732284546,
    "affinity_probability_binary1": 0.8834142088890076,
    "affinity_pred_value2": -0.7049407362937927,
    "affinity_probability_binary2": 0.7304847240447998
}