{
    "confidence_score": 0.9683098196983337,
    "ptm": 0.9875773191452026,
    "iptm": 0.9766286611557007,
    "ligand_iptm": 0.9766286611557007,
    "protein_iptm": 0.0,
    "complex_plddt": 0.966230034828186,
    "complex_iplddt": 0.9416261315345764,
    "complex_pde": 0.32590338587760925,
    "complex_ipde": 0.47714224457740784,
    "chains_ptm": {
        "0": 0.9900025725364685,
        "1": 0.9779666066169739,
        "2": 0.8875409364700317
    },
    "pair_chains_iptm": {
        "0": {
            "0": 0.9900025725364685,
            "1": 0.9259629249572754,
            "2": 0.4721101224422455
        },
        "1": {
            "0": 0.9924430251121521,
            "1": 0.9779666066169739,
            "2": 0.5857698917388916
        },
        "2": {
            "0": 0.947491466999054,
            "1": 0.8962177634239197,
            "2": 0.8875409364700317
        }
    }
}