{
    "confidence_score": 0.9763316512107849,
    "ptm": 0.985278308391571,
    "iptm": 0.983315646648407,
    "ligand_iptm": 0.983315646648407,
    "protein_iptm": 0.0,
    "complex_plddt": 0.9745856523513794,
    "complex_iplddt": 0.9586745500564575,
    "complex_pde": 0.3115265369415283,
    "complex_ipde": 0.39983564615249634,
    "chains_ptm": {
        "0": 0.9858677387237549,
        "1": 0.9739027619361877,
        "2": 0.9288772344589233
    },
    "pair_chains_iptm": {
        "0": {
            "0": 0.9858677387237549,
            "1": 0.9118183255195618,
            "2": 0.7531780004501343
        },
        "1": {
            "0": 0.9915713667869568,
            "1": 0.9739027619361877,
            "2": 0.8271165490150452
        },
        "2": {
            "0": 0.9732400178909302,
            "1": 0.9243074655532837,
            "2": 0.9288772344589233
        }
    }
}