{
    "affinity_pred_value": -0.8804019689559937,
    "affinity_probability_binary": 0.6863096952438354,
    "affinity_pred_value1": -1.0566093921661377,
    "affinity_probability_binary1": 0.8143678903579712,
    "affinity_pred_value2": -0.7041944861412048,
    "affinity_probability_binary2": 0.5582515597343445
}