{
    "confidence_score": 0.959466278553009,
    "ptm": 0.9859084486961365,
    "iptm": 0.9797294735908508,
    "ligand_iptm": 0.9797294735908508,
    "protein_iptm": 0.0,
    "complex_plddt": 0.9544004201889038,
    "complex_iplddt": 0.9060447812080383,
    "complex_pde": 0.3185676336288452,
    "complex_ipde": 0.4439278244972229,
    "chains_ptm": {
        "0": 0.9873536229133606,
        "1": 0.9721686244010925,
        "2": 0.9328303933143616
    },
    "pair_chains_iptm": {
        "0": {
            "0": 0.9873536229133606,
            "1": 0.906393826007843,
            "2": 0.6112377047538757
        },
        "1": {
            "0": 0.990694522857666,
            "1": 0.9721686244010925,
            "2": 0.7003462314605713
        },
        "2": {
            "0": 0.9633176326751709,
            "1": 0.9163649678230286,
            "2": 0.9328303933143616
        }
    }
}