{
    "confidence_score": 0.9596077799797058,
    "ptm": 0.9855769276618958,
    "iptm": 0.974210798740387,
    "ligand_iptm": 0.974210798740387,
    "protein_iptm": 0.0,
    "complex_plddt": 0.9559570550918579,
    "complex_iplddt": 0.9118664264678955,
    "complex_pde": 0.33214569091796875,
    "complex_ipde": 0.48387980461120605,
    "chains_ptm": {
        "0": 0.9882976412773132,
        "1": 0.9753933548927307,
        "2": 0.8939359784126282
    },
    "pair_chains_iptm": {
        "0": {
            "0": 0.9882976412773132,
            "1": 0.9124212265014648,
            "2": 0.5740942358970642
        },
        "1": {
            "0": 0.9919288158416748,
            "1": 0.9753933548927307,
            "2": 0.7169524431228638
        },
        "2": {
            "0": 0.9413612484931946,
            "1": 0.895087718963623,
            "2": 0.8939359784126282
        }
    }
}