{
    "confidence_score": 0.9651028513908386,
    "ptm": 0.9854996204376221,
    "iptm": 0.9805476069450378,
    "ligand_iptm": 0.9805476069450378,
    "protein_iptm": 0.0,
    "complex_plddt": 0.9612417221069336,
    "complex_iplddt": 0.926821768283844,
    "complex_pde": 0.3129810094833374,
    "complex_ipde": 0.41541585326194763,
    "chains_ptm": {
        "0": 0.9867370128631592,
        "1": 0.9728777408599854,
        "2": 0.9337183237075806
    },
    "pair_chains_iptm": {
        "0": {
            "0": 0.9867370128631592,
            "1": 0.9055879712104797,
            "2": 0.7125298380851746
        },
        "1": {
            "0": 0.9908022284507751,
            "1": 0.9728777408599854,
            "2": 0.7703946828842163
        },
        "2": {
            "0": 0.9693635702133179,
            "1": 0.9074286818504333,
            "2": 0.9337183237075806
        }
    }
}