{
    "confidence_score": 0.9755727648735046,
    "ptm": 0.9860597252845764,
    "iptm": 0.9859209060668945,
    "ligand_iptm": 0.9859209060668945,
    "protein_iptm": 0.0,
    "complex_plddt": 0.9729856848716736,
    "complex_iplddt": 0.9600870013237,
    "complex_pde": 0.29602840542793274,
    "complex_ipde": 0.3611457943916321,
    "chains_ptm": {
        "0": 0.986318826675415,
        "1": 0.9714028835296631,
        "2": 0.9436182379722595
    },
    "pair_chains_iptm": {
        "0": {
            "0": 0.986318826675415,
            "1": 0.905853271484375,
            "2": 0.8086264729499817
        },
        "1": {
            "0": 0.990452229976654,
            "1": 0.9714028835296631,
            "2": 0.8708177208900452
        },
        "2": {
            "0": 0.9827083349227905,
            "1": 0.9308072924613953,
            "2": 0.9436182379722595
        }
    }
}