{
    "affinity_pred_value": -1.6962435245513916,
    "affinity_probability_binary": 0.8205675482749939,
    "affinity_pred_value1": -1.5514671802520752,
    "affinity_probability_binary1": 0.8113260865211487,
    "affinity_pred_value2": -1.841019868850708,
    "affinity_probability_binary2": 0.8298090100288391
}