{
    "confidence_score": 0.9740080833435059,
    "ptm": 0.9837907552719116,
    "iptm": 0.9842842817306519,
    "ligand_iptm": 0.9842842817306519,
    "protein_iptm": 0.0,
    "complex_plddt": 0.9714390635490417,
    "complex_iplddt": 0.9601030349731445,
    "complex_pde": 0.31268754601478577,
    "complex_ipde": 0.3893367052078247,
    "chains_ptm": {
        "0": 0.9837791323661804,
        "1": 0.9700278639793396,
        "2": 0.9481768608093262
    },
    "pair_chains_iptm": {
        "0": {
            "0": 0.9837791323661804,
            "1": 0.8969674706459045,
            "2": 0.7061030268669128
        },
        "1": {
            "0": 0.990549623966217,
            "1": 0.9700278639793396,
            "2": 0.7668647766113281
        },
        "2": {
            "0": 0.9765455722808838,
            "1": 0.9317386150360107,
            "2": 0.9481768608093262
        }
    }
}