{
    "confidence_score": 0.9779518246650696,
    "ptm": 0.9839925169944763,
    "iptm": 0.9878267049789429,
    "ligand_iptm": 0.9878267049789429,
    "protein_iptm": 0.0,
    "complex_plddt": 0.9754831194877625,
    "complex_iplddt": 0.9712622165679932,
    "complex_pde": 0.30109161138534546,
    "complex_ipde": 0.35863152146339417,
    "chains_ptm": {
        "0": 0.9834409356117249,
        "1": 0.970051109790802,
        "2": 0.966929018497467
    },
    "pair_chains_iptm": {
        "0": {
            "0": 0.9834409356117249,
            "1": 0.8889359831809998,
            "2": 0.7976029515266418
        },
        "1": {
            "0": 0.9905049800872803,
            "1": 0.970051109790802,
            "2": 0.8755300045013428
        },
        "2": {
            "0": 0.986541748046875,
            "1": 0.9382919073104858,
            "2": 0.966929018497467
        }
    }
}