{
    "affinity_pred_value": -0.7763465046882629,
    "affinity_probability_binary": 0.8363290429115295,
    "affinity_pred_value1": -0.5015377998352051,
    "affinity_probability_binary1": 0.9461499452590942,
    "affinity_pred_value2": -1.0511552095413208,
    "affinity_probability_binary2": 0.7265081405639648
}