{
    "confidence_score": 0.9780112504959106,
    "ptm": 0.9879159331321716,
    "iptm": 0.9892580509185791,
    "ligand_iptm": 0.9892580509185791,
    "protein_iptm": 0.0,
    "complex_plddt": 0.9751995205879211,
    "complex_iplddt": 0.9657220840454102,
    "complex_pde": 0.2883140742778778,
    "complex_ipde": 0.33435460925102234,
    "chains_ptm": {
        "0": 0.987664520740509,
        "1": 0.9736769199371338,
        "2": 0.9676504731178284
    },
    "pair_chains_iptm": {
        "0": {
            "0": 0.987664520740509,
            "1": 0.909573495388031,
            "2": 0.8251434564590454
        },
        "1": {
            "0": 0.9910475611686707,
            "1": 0.9736769199371338,
            "2": 0.8707215189933777
        },
        "2": {
            "0": 0.9901841878890991,
            "1": 0.9480972290039062,
            "2": 0.9676504731178284
        }
    }
}