{
    "confidence_score": 0.9779972434043884,
    "ptm": 0.9877929091453552,
    "iptm": 0.983331024646759,
    "ligand_iptm": 0.983331024646759,
    "protein_iptm": 0.0,
    "complex_plddt": 0.9766637682914734,
    "complex_iplddt": 0.9659886360168457,
    "complex_pde": 0.30010029673576355,
    "complex_ipde": 0.37651827931404114,
    "chains_ptm": {
        "0": 0.988989531993866,
        "1": 0.9769065380096436,
        "2": 0.9241447448730469
    },
    "pair_chains_iptm": {
        "0": {
            "0": 0.988989531993866,
            "1": 0.9172707200050354,
            "2": 0.733178973197937
        },
        "1": {
            "0": 0.9921290874481201,
            "1": 0.9769065380096436,
            "2": 0.8103082776069641
        },
        "2": {
            "0": 0.9721848964691162,
            "1": 0.9268661141395569,
            "2": 0.9241447448730469
        }
    }
}