{
    "confidence_score": 0.9767719507217407,
    "ptm": 0.9867081046104431,
    "iptm": 0.9873446226119995,
    "ligand_iptm": 0.9873446226119995,
    "protein_iptm": 0.0,
    "complex_plddt": 0.974128782749176,
    "complex_iplddt": 0.9643047451972961,
    "complex_pde": 0.3006803095340729,
    "complex_ipde": 0.3660711348056793,
    "chains_ptm": {
        "0": 0.9866954684257507,
        "1": 0.9748604893684387,
        "2": 0.9675911664962769
    },
    "pair_chains_iptm": {
        "0": {
            "0": 0.9866954684257507,
            "1": 0.9122629165649414,
            "2": 0.8346338272094727
        },
        "1": {
            "0": 0.9916069507598877,
            "1": 0.9748604893684387,
            "2": 0.8768314123153687
        },
        "2": {
            "0": 0.9840843677520752,
            "1": 0.938596785068512,
            "2": 0.9675911664962769
        }
    }
}