{
    "affinity_pred_value": -1.0117053985595703,
    "affinity_probability_binary": 0.674034833908081,
    "affinity_pred_value1": -0.9955248832702637,
    "affinity_probability_binary1": 0.6749364733695984,
    "affinity_pred_value2": -1.027885913848877,
    "affinity_probability_binary2": 0.6731332540512085
}