{
    "confidence_score": 0.9717020988464355,
    "ptm": 0.986178457736969,
    "iptm": 0.9767335057258606,
    "ligand_iptm": 0.9767335057258606,
    "protein_iptm": 0.0,
    "complex_plddt": 0.9704442024230957,
    "complex_iplddt": 0.9488682746887207,
    "complex_pde": 0.3288787007331848,
    "complex_ipde": 0.48407405614852905,
    "chains_ptm": {
        "0": 0.9884092807769775,
        "1": 0.9758848547935486,
        "2": 0.9467849135398865
    },
    "pair_chains_iptm": {
        "0": {
            "0": 0.9884092807769775,
            "1": 0.9146371483802795,
            "2": 0.6618888974189758
        },
        "1": {
            "0": 0.9916203022003174,
            "1": 0.9758848547935486,
            "2": 0.7618892788887024
        },
        "2": {
            "0": 0.9490693211555481,
            "1": 0.9058918356895447,
            "2": 0.9467849135398865
        }
    }
}