{
    "confidence_score": 0.9754164814949036,
    "ptm": 0.9846065640449524,
    "iptm": 0.9831849932670593,
    "ligand_iptm": 0.9831849932670593,
    "protein_iptm": 0.0,
    "complex_plddt": 0.973474383354187,
    "complex_iplddt": 0.9599902033805847,
    "complex_pde": 0.3133886158466339,
    "complex_ipde": 0.3990304172039032,
    "chains_ptm": {
        "0": 0.9849650859832764,
        "1": 0.9701629281044006,
        "2": 0.952987551689148
    },
    "pair_chains_iptm": {
        "0": {
            "0": 0.9849650859832764,
            "1": 0.8994975090026855,
            "2": 0.8335286378860474
        },
        "1": {
            "0": 0.9907803535461426,
            "1": 0.9701629281044006,
            "2": 0.8551036715507507
        },
        "2": {
            "0": 0.9758162498474121,
            "1": 0.9217399954795837,
            "2": 0.952987551689148
        }
    }
}