{
    "affinity_pred_value": -1.3354908227920532,
    "affinity_probability_binary": 0.6402220129966736,
    "affinity_pred_value1": -1.943784236907959,
    "affinity_probability_binary1": 0.6429943442344666,
    "affinity_pred_value2": -0.7271974086761475,
    "affinity_probability_binary2": 0.6374496817588806
}