{
    "confidence_score": 0.9690977334976196,
    "ptm": 0.9854469895362854,
    "iptm": 0.9793160557746887,
    "ligand_iptm": 0.9793160557746887,
    "protein_iptm": 0.0,
    "complex_plddt": 0.9665431380271912,
    "complex_iplddt": 0.938718855381012,
    "complex_pde": 0.3305723965167999,
    "complex_ipde": 0.452780157327652,
    "chains_ptm": {
        "0": 0.9868245124816895,
        "1": 0.9761024117469788,
        "2": 0.9396291971206665
    },
    "pair_chains_iptm": {
        "0": {
            "0": 0.9868245124816895,
            "1": 0.9143106937408447,
            "2": 0.7108390927314758
        },
        "1": {
            "0": 0.991717517375946,
            "1": 0.9761024117469788,
            "2": 0.7763944268226624
        },
        "2": {
            "0": 0.9587832689285278,
            "1": 0.9157002568244934,
            "2": 0.9396291971206665
        }
    }
}