{
    "confidence_score": 0.9656378626823425,
    "ptm": 0.9856567978858948,
    "iptm": 0.9802462458610535,
    "ligand_iptm": 0.9802462458610535,
    "protein_iptm": 0.0,
    "complex_plddt": 0.9619858264923096,
    "complex_iplddt": 0.9290451407432556,
    "complex_pde": 0.30941981077194214,
    "complex_ipde": 0.40725794434547424,
    "chains_ptm": {
        "0": 0.9869253635406494,
        "1": 0.9727324843406677,
        "2": 0.9033678770065308
    },
    "pair_chains_iptm": {
        "0": {
            "0": 0.9869253635406494,
            "1": 0.9028531908988953,
            "2": 0.4969727694988251
        },
        "1": {
            "0": 0.9904802441596985,
            "1": 0.9727324843406677,
            "2": 0.6762971878051758
        },
        "2": {
            "0": 0.9618289470672607,
            "1": 0.901973307132721,
            "2": 0.9033678770065308
        }
    }
}