{
    "confidence_score": 0.9748052954673767,
    "ptm": 0.9833541512489319,
    "iptm": 0.9830242991447449,
    "ligand_iptm": 0.9830242991447449,
    "protein_iptm": 0.0,
    "complex_plddt": 0.9727504849433899,
    "complex_iplddt": 0.958690345287323,
    "complex_pde": 0.3246378004550934,
    "complex_ipde": 0.431452214717865,
    "chains_ptm": {
        "0": 0.9836488366127014,
        "1": 0.971902072429657,
        "2": 0.9612221717834473
    },
    "pair_chains_iptm": {
        "0": {
            "0": 0.9836488366127014,
            "1": 0.8936752080917358,
            "2": 0.7580147981643677
        },
        "1": {
            "0": 0.9910416603088379,
            "1": 0.971902072429657,
            "2": 0.8233471512794495
        },
        "2": {
            "0": 0.9718660116195679,
            "1": 0.9224783182144165,
            "2": 0.9612221717834473
        }
    }
}