{
    "confidence_score": 0.9746654629707336,
    "ptm": 0.9871906042098999,
    "iptm": 0.9858908653259277,
    "ligand_iptm": 0.9858908653259277,
    "protein_iptm": 0.0,
    "complex_plddt": 0.9718590378761292,
    "complex_iplddt": 0.9593276381492615,
    "complex_pde": 0.3007476329803467,
    "complex_ipde": 0.37387287616729736,
    "chains_ptm": {
        "0": 0.9876473546028137,
        "1": 0.974717378616333,
        "2": 0.9618002772331238
    },
    "pair_chains_iptm": {
        "0": {
            "0": 0.9876473546028137,
            "1": 0.9177471399307251,
            "2": 0.8083099126815796
        },
        "1": {
            "0": 0.9911397099494934,
            "1": 0.974717378616333,
            "2": 0.8616481423377991
        },
        "2": {
            "0": 0.9802729487419128,
            "1": 0.935818612575531,
            "2": 0.9618002772331238
        }
    }
}