{
    "affinity_pred_value": -1.223217248916626,
    "affinity_probability_binary": 0.694983720779419,
    "affinity_pred_value1": -1.726162075996399,
    "affinity_probability_binary1": 0.8943244814872742,
    "affinity_pred_value2": -0.720272421836853,
    "affinity_probability_binary2": 0.4956429898738861
}