{
    "confidence_score": 0.9707814455032349,
    "ptm": 0.9852230548858643,
    "iptm": 0.9796555638313293,
    "ligand_iptm": 0.9796555638313293,
    "protein_iptm": 0.0,
    "complex_plddt": 0.96856290102005,
    "complex_iplddt": 0.9417799115180969,
    "complex_pde": 0.3213837146759033,
    "complex_ipde": 0.4317525327205658,
    "chains_ptm": {
        "0": 0.9865233302116394,
        "1": 0.9749224185943604,
        "2": 0.9453540444374084
    },
    "pair_chains_iptm": {
        "0": {
            "0": 0.9865233302116394,
            "1": 0.9120263457298279,
            "2": 0.6226464509963989
        },
        "1": {
            "0": 0.9916546940803528,
            "1": 0.9749224185943604,
            "2": 0.7119370698928833
        },
        "2": {
            "0": 0.9610229134559631,
            "1": 0.9139248728752136,
            "2": 0.9453540444374084
        }
    }
}