{
    "confidence_score": 0.9688191413879395,
    "ptm": 0.9879875779151917,
    "iptm": 0.9855517148971558,
    "ligand_iptm": 0.9855517148971558,
    "protein_iptm": 0.0,
    "complex_plddt": 0.964635968208313,
    "complex_iplddt": 0.941330075263977,
    "complex_pde": 0.2959091365337372,
    "complex_ipde": 0.3676566183567047,
    "chains_ptm": {
        "0": 0.9887345433235168,
        "1": 0.9759204387664795,
        "2": 0.9431487917900085
    },
    "pair_chains_iptm": {
        "0": {
            "0": 0.9887345433235168,
            "1": 0.9161738157272339,
            "2": 0.7870492339134216
        },
        "1": {
            "0": 0.9917864799499512,
            "1": 0.9759204387664795,
            "2": 0.8669809699058533
        },
        "2": {
            "0": 0.9791611433029175,
            "1": 0.9342942833900452,
            "2": 0.9431487917900085
        }
    }
}