{
    "confidence_score": 0.9734100699424744,
    "ptm": 0.9856070280075073,
    "iptm": 0.9798548817634583,
    "ligand_iptm": 0.9798548817634583,
    "protein_iptm": 0.0,
    "complex_plddt": 0.971798837184906,
    "complex_iplddt": 0.9588631391525269,
    "complex_pde": 0.32891973853111267,
    "complex_ipde": 0.46989595890045166,
    "chains_ptm": {
        "0": 0.9868984818458557,
        "1": 0.977581262588501,
        "2": 0.9267631769180298
    },
    "pair_chains_iptm": {
        "0": {
            "0": 0.9868984818458557,
            "1": 0.9163364171981812,
            "2": 0.6165760159492493
        },
        "1": {
            "0": 0.9922166466712952,
            "1": 0.977581262588501,
            "2": 0.7343719005584717
        },
        "2": {
            "0": 0.9541216492652893,
            "1": 0.9138464331626892,
            "2": 0.9267631769180298
        }
    }
}