{
    "affinity_pred_value": -1.1025311946868896,
    "affinity_probability_binary": 0.7863781452178955,
    "affinity_pred_value1": -1.8932899236679077,
    "affinity_probability_binary1": 0.779072105884552,
    "affinity_pred_value2": -0.3117723762989044,
    "affinity_probability_binary2": 0.7936841249465942
}