{
    "confidence_score": 0.9729534387588501,
    "ptm": 0.9867576360702515,
    "iptm": 0.9856646656990051,
    "ligand_iptm": 0.9856646656990051,
    "protein_iptm": 0.0,
    "complex_plddt": 0.9697756171226501,
    "complex_iplddt": 0.9560410976409912,
    "complex_pde": 0.30149605870246887,
    "complex_ipde": 0.37008532881736755,
    "chains_ptm": {
        "0": 0.98717200756073,
        "1": 0.9742708802223206,
        "2": 0.9145810008049011
    },
    "pair_chains_iptm": {
        "0": {
            "0": 0.98717200756073,
            "1": 0.9136624932289124,
            "2": 0.6861671209335327
        },
        "1": {
            "0": 0.991069495677948,
            "1": 0.9742708802223206,
            "2": 0.7478047013282776
        },
        "2": {
            "0": 0.9812650084495544,
            "1": 0.9244364500045776,
            "2": 0.9145810008049011
        }
    }
}