{
    "affinity_pred_value": -0.9872011542320251,
    "affinity_probability_binary": 0.6947135925292969,
    "affinity_pred_value1": -1.1321909427642822,
    "affinity_probability_binary1": 0.7603514790534973,
    "affinity_pred_value2": -0.8422113656997681,
    "affinity_probability_binary2": 0.6290757656097412
}