{
    "confidence_score": 0.977641224861145,
    "ptm": 0.9872796535491943,
    "iptm": 0.9839305281639099,
    "ligand_iptm": 0.9839305281639099,
    "protein_iptm": 0.0,
    "complex_plddt": 0.9760688543319702,
    "complex_iplddt": 0.9639501571655273,
    "complex_pde": 0.3034530580043793,
    "complex_ipde": 0.38735589385032654,
    "chains_ptm": {
        "0": 0.9880365133285522,
        "1": 0.9744765758514404,
        "2": 0.9293911457061768
    },
    "pair_chains_iptm": {
        "0": {
            "0": 0.9880365133285522,
            "1": 0.9154372215270996,
            "2": 0.6325792670249939
        },
        "1": {
            "0": 0.9913544058799744,
            "1": 0.9744765758514404,
            "2": 0.7431073188781738
        },
        "2": {
            "0": 0.9716371297836304,
            "1": 0.9281219840049744,
            "2": 0.9293911457061768
        }
    }
}