{
    "affinity_pred_value": -1.214053988456726,
    "affinity_probability_binary": 0.6869014501571655,
    "affinity_pred_value1": -1.4497075080871582,
    "affinity_probability_binary1": 0.8337082862854004,
    "affinity_pred_value2": -0.9784005284309387,
    "affinity_probability_binary2": 0.5400945544242859
}