{
    "confidence_score": 0.9469848871231079,
    "ptm": 0.980587363243103,
    "iptm": 0.9606602191925049,
    "ligand_iptm": 0.9606602191925049,
    "protein_iptm": 0.0,
    "complex_plddt": 0.9435660243034363,
    "complex_iplddt": 0.8719351887702942,
    "complex_pde": 0.355118989944458,
    "complex_ipde": 0.5760045051574707,
    "chains_ptm": {
        "0": 0.985860288143158,
        "1": 0.969639003276825,
        "2": 0.9204161167144775
    },
    "pair_chains_iptm": {
        "0": {
            "0": 0.985860288143158,
            "1": 0.8941527009010315,
            "2": 0.5847614407539368
        },
        "1": {
            "0": 0.9901633858680725,
            "1": 0.969639003276825,
            "2": 0.6311720609664917
        },
        "2": {
            "0": 0.9259752631187439,
            "1": 0.8576321601867676,
            "2": 0.9204161167144775
        }
    }
}