{
    "affinity_pred_value": -0.6851871609687805,
    "affinity_probability_binary": 0.7241600751876831,
    "affinity_pred_value1": -0.9729533195495605,
    "affinity_probability_binary1": 0.8374799489974976,
    "affinity_pred_value2": -0.3974210321903229,
    "affinity_probability_binary2": 0.6108401417732239
}