{
    "confidence_score": 0.9718416333198547,
    "ptm": 0.9867162704467773,
    "iptm": 0.9850197434425354,
    "ligand_iptm": 0.9850197434425354,
    "protein_iptm": 0.0,
    "complex_plddt": 0.9685470461845398,
    "complex_iplddt": 0.9494220018386841,
    "complex_pde": 0.30388665199279785,
    "complex_ipde": 0.3807370066642761,
    "chains_ptm": {
        "0": 0.9871189594268799,
        "1": 0.9716566205024719,
        "2": 0.9630267024040222
    },
    "pair_chains_iptm": {
        "0": {
            "0": 0.9871189594268799,
            "1": 0.9053856730461121,
            "2": 0.7453586459159851
        },
        "1": {
            "0": 0.9897181391716003,
            "1": 0.9716566205024719,
            "2": 0.803256094455719
        },
        "2": {
            "0": 0.9810940027236938,
            "1": 0.9287953972816467,
            "2": 0.9630267024040222
        }
    }
}