{
    "confidence_score": 0.9651919603347778,
    "ptm": 0.9861353635787964,
    "iptm": 0.9850192070007324,
    "ligand_iptm": 0.9850192070007324,
    "protein_iptm": 0.0,
    "complex_plddt": 0.9602351188659668,
    "complex_iplddt": 0.9331586956977844,
    "complex_pde": 0.2979682981967926,
    "complex_ipde": 0.3700549602508545,
    "chains_ptm": {
        "0": 0.9866485595703125,
        "1": 0.9723983407020569,
        "2": 0.9335224032402039
    },
    "pair_chains_iptm": {
        "0": {
            "0": 0.9866485595703125,
            "1": 0.9028666019439697,
            "2": 0.795192301273346
        },
        "1": {
            "0": 0.9905407428741455,
            "1": 0.9723983407020569,
            "2": 0.8594446778297424
        },
        "2": {
            "0": 0.979438066482544,
            "1": 0.925831139087677,
            "2": 0.9335224032402039
        }
    }
}